race_year,driver_name,total_races,total_points,avg_points,rank
2021,Lewis Hamilton,2,19,9.5,1
2021,Max Verstappen,2,19,9.5,1
2021,Valtteri Bottas,1,8,8.0,3
2021,Lando Norris,2,15,7.5,4
2021,Charles Leclerc,2,12,6.0,5
2021,Sergio Pérez,1,6,6.0,5
2021,Daniel Ricciardo,2,9,4.5,7
2021,Carlos Sainz,2,9,4.5,7
2021,Pierre Gasly,1,4,4.0,9
2021,Esteban Ocon,1,2,2.0,10
2021,Lance Stroll,2,4,2.0,10
2021,Yuki Tsunoda,1,2,2.0,10
2021,Fernando Alonso,1,1,1.0,13
2020,Lewis Hamilton,16,146,9.125,1
2020,Max Verstappen,12,103,8.583333333333334,2
2020,Valtteri Bottas,14,110,7.857142857142857,3
2020,Charles Leclerc,10,57,5.7,4
2020,Sergio Pérez,13,70,5.384615384615385,5
2020,Alexander Albon,12,63,5.25,6
2020,Carlos Sainz,12,63,5.25,6
2020,Daniel Ricciardo,14,71,5.071428571428571,8
2020,Lance Stroll,10,46,4.6,9
2020,Lando Norris,13,59,4.538461538461538,10
2020,Pierre Gasly,10,44,4.4,11
2020,Esteban Ocon,10,40,4.0,12
2020,Nico Hülkenberg,2,7,3.5,13
2020,Daniil Kvyat,7,22,3.142857142857143,14
2020,Sebastian Vettel,7,21,3.0,15
2020,Romain Grosjean,1,2,2.0,16
2020,Kimi Räikkönen,2,4,2.0,16
2020,George Russell,1,2,2.0,16
2020,Antonio Giovinazzi,3,4,1.3333333333333333,19
2020,Kevin Magnussen,1,1,1.0,20
2019,Lewis Hamilton,21,181,8.619047619047619,1
2019,Valtteri Bottas,19,158,8.31578947368421,2
2019,Sebastian Vettel,16,125,7.8125,3
2019,Charles Leclerc,18,136,7.555555555555555,4
2019,Max Verstappen,19,142,7.473684210526316,5
2019,Carlos Sainz,13,60,4.615384615384615,6
2019,Alexander Albon,13,58,4.461538461538462,7
2019,Daniel Ricciardo,8,35,4.375,8
2019,Pierre Gasly,14,59,4.214285714285714,9
2019,Kevin Magnussen,4,14,3.5,10
2019,Kimi Räikkönen,9,30,3.3333333333333335,11
2019,Sergio Pérez,11,36,3.272727272727273,12
2019,Lando Norris,11,35,3.1818181818181817,13
2019,Nico Hülkenberg,10,27,2.7,14
2019,Lance Stroll,6,16,2.6666666666666665,15
2019,Daniil Kvyat,10,26,2.6,16
2019,Antonio Giovinazzi,4,10,2.5,17
2019,Romain Grosjean,3,6,2.0,18
2019,Robert Kubica,1,1,1.0,19
2018,Lewis Hamilton,20,181,9.05,1
2018,Sebastian Vettel,20,157,7.85,2
2018,Kimi Räikkönen,17,132,7.764705882352941,3
2018,Max Verstappen,17,128,7.529411764705882,4
2018,Valtteri Bottas,19,135,7.105263157894737,5
2018,Daniel Ricciardo,13,91,7.0,6
2018,Nico Hülkenberg,11,45,4.090909090909091,7
2018,Pierre Gasly,5,19,3.8,8
2018,Fernando Alonso,9,34,3.7777777777777777,9
2018,Romain Grosjean,7,25,3.5714285714285716,10
2018,Kevin Magnussen,11,38,3.4545454545454546,11
2018,Sergio Pérez,12,40,3.3333333333333335,12
2018,Esteban Ocon,10,33,3.3,13
2018,Carlos Sainz,13,37,2.8461538461538463,14
2018,Charles Leclerc,10,28,2.8,15
2018,Stoffel Vandoorne,4,10,2.5,16
2018,Lance Stroll,2,4,2.0,17
2018,Marcus Ericsson,6,9,1.5,18
2018,Brendon Hartley,3,4,1.3333333333333333,19
2017,Sebastian Vettel,18,152,8.444444444444445,1
2017,Lewis Hamilton,20,166,8.3,2
2017,Valtteri Bottas,19,153,8.052631578947368,3
2017,Daniel Ricciardo,14,106,7.571428571428571,4
2017,Kimi Räikkönen,16,114,7.125,5
2017,Max Verstappen,13,88,6.769230769230769,6
2017,Jolyon Palmer,1,5,5.0,7
2017,Sergio Pérez,17,67,3.9411764705882355,8
2017,Lance Stroll,7,26,3.7142857142857144,9
2017,Nico Hülkenberg,8,29,3.625,10
2017,Carlos Sainz,10,36,3.6,11
2017,Esteban Ocon,18,59,3.2777777777777777,12
2017,Stoffel Vandoorne,3,9,3.0,13
2017,Kevin Magnussen,5,14,2.8,14
2017,Romain Grosjean,8,21,2.625,15
2017,Fernando Alonso,5,13,2.6,16
2017,Felipe Massa,13,33,2.5384615384615383,17
2017,Pascal Wehrlein,2,4,2.0,18
2017,Daniil Kvyat,3,5,1.6666666666666667,19
2016,Lewis Hamilton,19,169,8.894736842105264,1
2016,Nico Rosberg,20,175,8.75,2
2016,Daniel Ricciardo,20,139,6.95,3
2016,Sebastian Vettel,17,118,6.9411764705882355,4
2016,Max Verstappen,17,110,6.470588235294118,5
2016,Kimi Räikkönen,17,107,6.294117647058823,6
2016,Sergio Pérez,16,64,4.0,7
2016,Fernando Alonso,9,35,3.888888888888889,8
2016,Romain Grosjean,5,19,3.8,9
2016,Valtteri Bottas,15,56,3.7333333333333334,10
2016,Nico Hülkenberg,14,49,3.5,11
2016,Carlos Sainz,10,33,3.3,12
2016,Daniil Kvyat,5,16,3.2,13
2016,Felipe Massa,13,38,2.923076923076923,14
2016,Kevin Magnussen,2,5,2.5,15
2016,Jenson Button,7,17,2.4285714285714284,16
2016,Felipe Nasr,1,2,2.0,17
2016,Pascal Wehrlein,1,1,1.0,18
2016,Jolyon Palmer,1,1,1.0,18
2016,Stoffel Vandoorne,1,1,1.0,18
2015,Lewis Hamilton,18,167,9.277777777777779,1
2015,Nico Rosberg,17,149,8.764705882352942,2
2015,Sebastian Vettel,17,139,8.176470588235293,3
2015,Kimi Räikkönen,14,87,6.214285714285714,4
2015,Valtteri Bottas,13,80,6.153846153846154,5
2015,Felipe Massa,13,72,5.538461538461538,6
2015,Daniel Ricciardo,13,56,4.3076923076923075,7
2015,Nico Hülkenberg,9,38,4.222222222222222,8
2015,Daniil Kvyat,14,59,4.214285714285714,9
2015,Sergio Pérez,12,50,4.166666666666667,10
2015,Fernando Alonso,2,7,3.5,11
2015,Max Verstappen,10,34,3.4,12
2015,Romain Grosjean,10,34,3.4,12
2015,Felipe Nasr,6,19,3.1666666666666665,14
2015,Pastor Maldonado,6,19,3.1666666666666665,14
2015,Jenson Button,4,12,3.0,16
2015,Carlos Sainz,7,15,2.142857142857143,17
2015,Marcus Ericsson,5,8,1.6,18
2014,Lewis Hamilton,16,153,9.5625,1
2014,Nico Rosberg,16,147,9.1875,2
2014,Daniel Ricciardo,16,116,7.25,3
2014,Felipe Massa,11,67,6.090909090909091,4
2014,Sebastian Vettel,16,95,5.9375,5
2014,Valtteri Bottas,17,98,5.764705882352941,6
2014,Fernando Alonso,17,95,5.588235294117647,7
2014,Jenson Button,13,70,5.384615384615385,8
2014,Nico Hülkenberg,15,58,3.8666666666666667,9
2014,Kevin Magnussen,12,37,3.0833333333333335,10
2014,Romain Grosjean,2,6,3.0,11
2014,Sergio Pérez,12,36,3.0,11
2014,Kimi Räikkönen,13,38,2.923076923076923,13
2014,Jean-Éric Vergne,7,17,2.4285714285714284,14
2014,Pastor Maldonado,1,2,2.0,15
2014,Jules Bianchi,1,2,2.0,15
2014,Daniil Kvyat,5,8,1.6,17
2013,Sebastian Vettel,18,169,9.38888888888889,1
2013,Fernando Alonso,17,125,7.352941176470588,2
2013,Mark Webber,15,108,7.2,3
2013,Kimi Räikkönen,14,95,6.785714285714286,4
2013,Lewis Hamilton,17,106,6.235294117647059,5
2013,Nico Rosberg,16,93,5.8125,6
2013,Romain Grosjean,13,75,5.769230769230769,7
2013,Felipe Massa,15,70,4.666666666666667,8
2013,Esteban Gutiérrez,1,4,4.0,9
2013,Paul di Resta,9,33,3.6666666666666665,10
2013,Jenson Button,14,49,3.5,11
2013,Nico Hülkenberg,10,34,3.4,12
2013,Sergio Pérez,11,35,3.1818181818181817,13
2013,Jean-Éric Vergne,3,9,3.0,14
2013,Valtteri Bottas,1,3,3.0,14
2013,Adrian Sutil,8,21,2.625,16
2013,Daniel Ricciardo,7,15,2.142857142857143,17
2013,Pastor Maldonado,1,1,1.0,18
2012,Sebastian Vettel,17,136,8.0,1
2012,Fernando Alonso,18,139,7.722222222222222,2
2012,Jenson Button,14,94,6.714285714285714,3
2012,Lewis Hamilton,14,93,6.642857142857143,4
2012,Mark Webber,15,96,6.4,5
2012,Kimi Räikkönen,19,114,6.0,6
2012,Romain Grosjean,10,56,5.6,7
2012,Sergio Pérez,7,37,5.285714285714286,8
2012,Felipe Massa,14,73,5.214285714285714,9
2012,Nico Rosberg,10,51,5.1,10
2012,Pastor Maldonado,5,24,4.8,11
2012,Kamui Kobayashi,9,38,4.222222222222222,12
2012,Michael Schumacher,8,31,3.875,13
2012,Nico Hülkenberg,11,42,3.8181818181818183,14
2012,Paul di Resta,9,31,3.4444444444444446,15
2012,Jean-Éric Vergne,4,12,3.0,16
2012,Bruno Senna,10,23,2.3,17
2012,Daniel Ricciardo,6,10,1.6666666666666667,18
2011,Sebastian Vettel,18,170,9.444444444444445,1
2011,Jenson Button,17,135,7.9411764705882355,2
2011,Mark Webber,18,138,7.666666666666667,3
2011,Fernando Alonso,18,136,7.555555555555555,4
2011,Lewis Hamilton,16,116,7.25,5
2011,Felipe Massa,15,74,4.933333333333334,6
2011,Michael Schumacher,11,49,4.454545454545454,7
2011,Nico Rosberg,14,58,4.142857142857143,8
2011,Nick Heidfeld,6,22,3.6666666666666665,9
2011,Adrian Sutil,9,30,3.3333333333333335,10
2011,Vitaly Petrov,8,25,3.125,11
2011,Jaime Alguersuari,7,19,2.7142857142857144,12
2011,Paul di Resta,8,20,2.5,13
2011,Kamui Kobayashi,9,22,2.4444444444444446,14
2011,Sergio Pérez,5,11,2.2,15
2011,Bruno Senna,1,2,2.0,16
2011,Rubens Barrichello,2,4,2.0,16
2011,Sébastien Buemi,7,13,1.8571428571428572,18
2011,Pastor Maldonado,1,1,1.0,19
2010,Sebastian Vettel,15,122,8.133333333333333,1
2010,Lewis Hamilton,15,119,7.933333333333334,2
2010,Fernando Alonso,16,121,7.5625,3
2010,Mark Webber,17,119,7.0,4
2010,Jenson Button,16,112,7.0,4
2010,Felipe Massa,14,82,5.857142857142857,6
2010,Nico Rosberg,15,84,5.6,7
2010,Robert Kubica,15,81,5.4,8
2010,Pedro de la Rosa,1,4,4.0,9
2010,Michael Schumacher,12,47,3.9166666666666665,10
2010,Vitaly Petrov,5,18,3.6,11
2010,Adrian Sutil,9,32,3.5555555555555554,12
2010,Rubens Barrichello,10,32,3.2,13
2010,Kamui Kobayashi,8,23,2.875,14
2010,Vitantonio Liuzzi,6,16,2.6666666666666665,15
2010,Nick Heidfeld,2,5,2.5,16
2010,Nico Hülkenberg,7,16,2.2857142857142856,17
2010,Sébastien Buemi,4,7,1.75,18
2010,Jaime Alguersuari,3,5,1.6666666666666667,19
2009,Sebastian Vettel,12,98,8.166666666666666,1
2009,Jenson Button,16,119,7.4375,2
2009,Mark Webber,12,87,7.25,3
2009,Lewis Hamilton,9,63,7.0,4
2009,Rubens Barrichello,16,103,6.4375,5
2009,Jarno Trulli,8,50,6.25,6
2009,Felipe Massa,6,34,5.666666666666667,7
2009,Kimi Räikkönen,12,67,5.583333333333333,8
2009,Heikki Kovalainen,8,38,4.75,9
2009,Nico Rosberg,13,61,4.6923076923076925,10
2009,Nick Heidfeld,8,36,4.5,11
2009,Fernando Alonso,11,46,4.181818181818182,12
2009,Robert Kubica,7,29,4.142857142857143,13
2009,Timo Glock,12,47,3.9166666666666665,14
2009,Giancarlo Fisichella,4,14,3.5,15
2009,Sébastien Buemi,4,14,3.5,15
2009,Adrian Sutil,3,10,3.3333333333333335,17
2009,Kamui Kobayashi,2,6,3.0,18
2009,Sébastien Bourdais,3,7,2.3333333333333335,19
2009,Kazuki Nakajima,3,5,1.6666666666666667,20
2009,Nelson Piquet Jr.,1,1,1.0,21
2008,Felipe Massa,13,109,8.384615384615385,1
2008,Lewis Hamilton,15,115,7.666666666666667,2
2008,Robert Kubica,14,98,7.0,3
2008,Kimi Räikkönen,14,97,6.928571428571429,4
2008,Fernando Alonso,14,82,5.857142857142857,5
2008,Rubens Barrichello,3,17,5.666666666666667,6
2008,Heikki Kovalainen,14,76,5.428571428571429,7
2008,Nick Heidfeld,16,86,5.375,8
2008,Sebastian Vettel,10,53,5.3,9
2008,Timo Glock,8,40,5.0,10
2008,Nelson Piquet Jr.,6,29,4.833333333333333,11
2008,Jarno Trulli,12,54,4.5,12
2008,Kazuki Nakajima,5,19,3.8,13
2008,Nico Rosberg,8,30,3.75,14
2008,Mark Webber,12,44,3.6666666666666665,15
2008,David Coulthard,6,19,3.1666666666666665,16
2008,Jenson Button,3,8,2.6666666666666665,17
2008,Sébastien Bourdais,4,10,2.5,18
2008,Giancarlo Fisichella,1,1,1.0,19
2007,Kimi Räikkönen,15,126,8.4,1
2007,Fernando Alonso,16,129,8.0625,2
2007,Lewis Hamilton,16,128,8.0,3
2007,Felipe Massa,14,112,8.0,3
2007,Nick Heidfeld,14,88,6.285714285714286,5
2007,Robert Kubica,12,63,5.25,6
2007,Sebastian Vettel,2,10,5.0,7
2007,Alexander Wurz,5,22,4.4,8
2007,David Coulthard,6,25,4.166666666666667,9
2007,Takuma Sato,2,8,4.0,10
2007,Heikki Kovalainen,14,56,4.0,10
2007,Giancarlo Fisichella,11,42,3.8181818181818183,12
2007,Nico Rosberg,10,38,3.8,13
2007,Vitantonio Liuzzi,2,7,3.5,14
2007,Jenson Button,4,13,3.25,15
2007,Jarno Trulli,6,19,3.1666666666666665,16
2007,Mark Webber,8,24,3.0,17
2007,Adrian Sutil,1,3,3.0,17
2007,Ralf Schumacher,5,13,2.6,19
2007,Scott Speed,1,2,2.0,20
2007,Rubens Barrichello,5,6,1.2,21
2007,Kazuki Nakajima,1,1,1.0,22
2006,Fernando Alonso,16,145,9.0625,1
2006,Michael Schumacher,16,135,8.4375,2
2006,Kimi Räikkönen,12,87,7.25,3
2006,Juan Pablo Montoya,5,35,7.0,4
2006,Felipe Massa,16,105,6.5625,5
2006,Giancarlo Fisichella,16,102,6.375,6
2006,Jenson Button,13,79,6.076923076923077,7
2006,Pedro de la Rosa,5,28,5.6,8
2006,Ralf Schumacher,9,38,4.222222222222222,9
2006,Rubens Barrichello,13,53,4.076923076923077,10
2006,Robert Kubica,3,12,4.0,11
2006,Nick Heidfeld,11,44,4.0,11
2006,Jacques Villeneuve,4,15,3.75,13
2006,David Coulthard,8,29,3.625,14
2006,Jarno Trulli,9,32,3.5555555555555554,15
2006,Christian Klien,2,6,3.0,16
2006,Mark Webber,6,17,2.8333333333333335,17
2006,Nico Rosberg,5,13,2.6,18
2006,Tiago Monteiro,1,2,2.0,19
2006,Vitantonio Liuzzi,4,6,1.5,20
2006,Scott Speed,3,4,1.3333333333333333,21
2006,Christijan Albers,1,1,1.0,22
2006,Takuma Sato,1,1,1.0,22
2005,Fernando Alonso,16,146,9.125,1
2005,Kimi Räikkönen,15,125,8.333333333333334,2
2005,Alexander Wurz,1,8,8.0,3
2005,Juan Pablo Montoya,10,73,7.3,4
2005,Narain Karthikeyan,1,7,7.0,5
2005,Giancarlo Fisichella,12,79,6.583333333333333,6
2005,Michael Schumacher,13,82,6.3076923076923075,7
2005,Nick Heidfeld,6,37,6.166666666666667,8
2005,Christijan Albers,1,6,6.0,9
2005,Pedro de la Rosa,1,6,6.0,9
2005,Mark Webber,10,56,5.6,11
2005,Jarno Trulli,12,64,5.333333333333333,12
2005,Jenson Button,11,58,5.2727272727272725,13
2005,Ralf Schumacher,15,75,5.0,14
2005,Patrick Friesacher,1,5,5.0,14
2005,Rubens Barrichello,14,61,4.357142857142857,16
2005,David Coulthard,11,45,4.090909090909091,17
2005,Antônio Pizzonia,1,4,4.0,18
2005,Jacques Villeneuve,5,18,3.6,19
2005,Tiago Monteiro,4,13,3.25,20
2005,Christian Klien,9,27,3.0,21
2005,Vitantonio Liuzzi,2,5,2.5,22
2005,Felipe Massa,12,29,2.4166666666666665,23
2005,Takuma Sato,3,6,2.0,24
2004,Michael Schumacher,16,152,9.5,1
2004,Rubens Barrichello,16,135,8.4375,2
2004,Jenson Button,15,111,7.4,3
2004,Kimi Räikkönen,9,59,6.555555555555555,4
2004,Fernando Alonso,13,83,6.384615384615385,5
2004,Juan Pablo Montoya,13,81,6.230769230769231,6
2004,Jarno Trulli,11,65,5.909090909090909,7
2004,Takuma Sato,10,54,5.4,8
2004,Ralf Schumacher,7,36,5.142857142857143,9
2004,Timo Glock,1,4,4.0,10
2004,Antônio Pizzonia,3,12,4.0,10
2004,David Coulthard,12,47,3.9166666666666665,12
2004,Olivier Panis,4,14,3.5,13
2004,Giancarlo Fisichella,14,49,3.5,13
2004,Felipe Massa,10,31,3.1,15
2004,Nick Heidfeld,3,8,2.6666666666666665,16
2004,Cristiano da Matta,3,8,2.6666666666666665,16
2004,Mark Webber,8,21,2.625,18
2004,Christian Klien,4,9,2.25,19
2004,Zsolt Baumgartner,3,6,2.0,20
2004,Jacques Villeneuve,2,2,1.0,21
2004,Ricardo Zonta,1,1,1.0,21
2004,Marc Gené,1,1,1.0,21
2003,Kimi Räikkönen,13,108,8.307692307692308,1
2003,Juan Pablo Montoya,12,97,8.083333333333334,2
2003,Rubens Barrichello,11,82,7.454545454545454,3
2003,Michael Schumacher,15,111,7.4,4
2003,David Coulthard,10,68,6.8,5
2003,Fernando Alonso,11,74,6.7272727272727275,6
2003,Ralf Schumacher,12,77,6.416666666666667,7
2003,Marc Gené,1,6,6.0,8
2003,Jarno Trulli,10,53,5.3,9
2003,Takuma Sato,1,5,5.0,10
2003,Heinz-Harald Frentzen,5,23,4.6,11
2003,Mark Webber,8,33,4.125,12
2003,Giancarlo Fisichella,4,16,4.0,13
2003,Jenson Button,10,35,3.5,14
2003,Olivier Panis,5,15,3.0,15
2003,Cristiano da Matta,8,24,3.0,15
2003,Justin Wilson,1,3,3.0,15
2003,Jacques Villeneuve,6,17,2.8333333333333335,18
2003,Nick Heidfeld,9,21,2.3333333333333335,19
2003,Ralph Firman,2,4,2.0,20
2003,Jos Verstappen,2,3,1.5,21
2003,Antônio Pizzonia,4,5,1.25,22
2002,Michael Schumacher,17,163,9.588235294117647,1
2002,Rubens Barrichello,12,104,8.666666666666666,2
2002,Kimi Räikkönen,6,47,7.833333333333333,3
2002,Juan Pablo Montoya,12,94,7.833333333333333,3
2002,Ralf Schumacher,12,84,7.0,5
2002,David Coulthard,13,85,6.538461538461538,6
2002,Jenson Button,9,49,5.444444444444445,7
2002,Heinz-Harald Frentzen,2,10,5.0,8
2002,Giancarlo Fisichella,7,34,4.857142857142857,9
2002,Jarno Trulli,8,34,4.25,10
2002,Eddie Irvine,7,29,4.142857142857143,11
2002,Olivier Panis,4,16,4.0,12
2002,Felipe Massa,8,31,3.875,13
2002,Nick Heidfeld,13,45,3.4615384615384617,14
2002,Mika Salo,7,24,3.4285714285714284,15
2002,Mark Webber,3,10,3.3333333333333335,16
2002,Jacques Villeneuve,9,30,3.3333333333333335,16
2002,Allan McNish,4,11,2.75,18
2002,Takuma Sato,6,15,2.5,19
2002,Alex Yoong,2,5,2.5,19
2002,Pedro de la Rosa,6,11,1.8333333333333333,21
2001,Michael Schumacher,15,142,9.466666666666667,1
2001,David Coulthard,13,106,8.153846153846153,2
2001,Rubens Barrichello,13,103,7.923076923076923,3
2001,Juan Pablo Montoya,6,47,7.833333333333333,4
2001,Ralf Schumacher,10,76,7.6,5
2001,Mika Häkkinen,10,67,6.7,6
2001,Jarno Trulli,7,38,5.428571428571429,7
2001,Eddie Irvine,5,24,4.8,8
2001,Giancarlo Fisichella,5,24,4.8,8
2001,Nick Heidfeld,10,48,4.8,8
2001,Pedro de la Rosa,3,14,4.666666666666667,11
2001,Kimi Räikkönen,10,42,4.2,12
2001,Jacques Villeneuve,11,46,4.181818181818182,13
2001,Ricardo Zonta,1,4,4.0,14
2001,Heinz-Harald Frentzen,7,28,4.0,14
2001,Olivier Panis,8,32,4.0,14
2001,Jenson Button,5,17,3.4,17
2001,Jean Alesi,13,40,3.076923076923077,18
2001,Jos Verstappen,8,18,2.25,19
2001,Tarso Marques,2,4,2.0,20
2001,Enrique Bernoldi,3,6,2.0,20
2001,Luciano Burti,4,8,2.0,20
2001,Fernando Alonso,1,1,1.0,23
2000,Michael Schumacher,13,122,9.384615384615385,1
2000,Mika Häkkinen,14,122,8.714285714285714,2
2000,Rubens Barrichello,13,106,8.153846153846153,3
2000,David Coulthard,14,114,8.142857142857142,4
2000,Ralf Schumacher,9,60,6.666666666666667,5
2000,Jacques Villeneuve,10,56,5.6,6
2000,Giancarlo Fisichella,9,47,5.222222222222222,7
2000,Heinz-Harald Frentzen,7,36,5.142857142857143,8
2000,Jarno Trulli,6,28,4.666666666666667,9
2000,Jenson Button,9,42,4.666666666666667,9
2000,Jos Verstappen,4,18,4.5,11
2000,Pedro de la Rosa,3,13,4.333333333333333,12
2000,Ricardo Zonta,7,25,3.5714285714285716,13
2000,Eddie Irvine,8,28,3.5,14
2000,Mika Salo,12,41,3.4166666666666665,15
2000,Johnny Herbert,5,14,2.8,16
2000,Pedro Diniz,6,16,2.6666666666666665,17
2000,Marc Gené,3,8,2.6666666666666665,17
2000,Alexander Wurz,9,23,2.5555555555555554,19
2000,Nick Heidfeld,3,7,2.3333333333333335,20
2000,Gastón Mazzacane,3,5,1.6666666666666667,21
2000,Jean Alesi,2,3,1.5,22
1999,Mika Häkkinen,11,98,8.909090909090908,1
1999,David Coulthard,9,72,8.0,2
1999,Michael Schumacher,8,64,8.0,2
1999,Heinz-Harald Frentzen,12,93,7.75,4
1999,Eddie Irvine,15,116,7.733333333333333,5
1999,Ralf Schumacher,12,80,6.666666666666667,6
1999,Giancarlo Fisichella,6,34,5.666666666666667,7
1999,Johnny Herbert,5,28,5.6,8
1999,Rubens Barrichello,11,58,5.2727272727272725,9
1999,Mika Salo,6,30,5.0,10
1999,Pedro de la Rosa,1,5,5.0,10
1999,Pedro Diniz,3,15,5.0,10
1999,Jarno Trulli,7,31,4.428571428571429,13
1999,Damon Hill,7,31,4.428571428571429,13
1999,Toranosuke Takagi,2,7,3.5,15
1999,Jean Alesi,6,21,3.5,15
1999,Alexander Wurz,9,29,3.2222222222222223,17
1999,Alessandro Zanardi,4,11,2.75,18
1999,Olivier Panis,7,19,2.7142857142857144,19
1999,Marc Gené,6,16,2.6666666666666665,20
1999,Ricardo Zonta,2,5,2.5,21
1999,Jacques Villeneuve,3,6,2.0,22
1999,Luca Badoer,4,6,1.5,23
1998,Mika Häkkinen,13,118,9.076923076923077,1
1998,Michael Schumacher,13,109,8.384615384615385,2
1998,David Coulthard,12,94,7.833333333333333,3
1998,Eddie Irvine,13,94,7.230769230769231,4
1998,Ralf Schumacher,7,39,5.571428571428571,5
1998,Jacques Villeneuve,13,69,5.3076923076923075,6
1998,Alexander Wurz,10,53,5.3,7
1998,Heinz-Harald Frentzen,11,56,5.090909090909091,8
1998,Giancarlo Fisichella,11,53,4.818181818181818,9
1998,Damon Hill,11,52,4.7272727272727275,10
1998,Mika Salo,2,9,4.5,11
1998,Pedro Diniz,3,13,4.333333333333333,12
1998,Jean Alesi,11,42,3.8181818181818183,13
1998,Shinji Nakano,4,12,3.0,14
1998,Rubens Barrichello,5,15,3.0,14
1998,Johnny Herbert,7,21,3.0,14
1998,Jan Magnussen,2,6,3.0,14
1998,Esteban Tuero,1,3,3.0,14
1998,Ricardo Rosset,1,3,3.0,14
1998,Jarno Trulli,3,8,2.6666666666666665,20
1998,Olivier Panis,1,2,2.0,21
1998,Toranosuke Takagi,2,4,2.0,21
1997,Rubens Barrichello,1,9,9.0,1
1997,Jacques Villeneuve,11,97,8.818181818181818,2
1997,Michael Schumacher,13,107,8.23076923076923,3
1997,Alexander Wurz,1,8,8.0,4
1997,Heinz-Harald Frentzen,12,80,6.666666666666667,5
1997,Jean Alesi,12,79,6.583333333333333,6
1997,Mika Häkkinen,9,57,6.333333333333333,7
1997,Olivier Panis,7,42,6.0,8
1997,David Coulthard,10,60,6.0,8
1997,Eddie Irvine,9,53,5.888888888888889,10
1997,Ralf Schumacher,7,39,5.571428571428571,11
1997,Giancarlo Fisichella,11,58,5.2727272727272725,12
1997,Johnny Herbert,11,56,5.090909090909091,13
1997,Gerhard Berger,13,64,4.923076923076923,14
1997,Nicola Larini,2,9,4.5,15
1997,Damon Hill,6,26,4.333333333333333,16
1997,Shinji Nakano,5,19,3.8,17
1997,Pedro Diniz,4,14,3.5,18
1997,Mika Salo,4,12,3.0,19
1997,Jarno Trulli,7,20,2.857142857142857,20
1997,Jan Magnussen,3,7,2.3333333333333335,21
1997,Norberto Fontana,2,4,2.0,22
1997,Gianni Morbidelli,4,7,1.75,23
1997,Jos Verstappen,3,5,1.6666666666666667,24
1997,Tarso Marques,1,1,1.0,25
1997,Ukyo Katayama,2,2,1.0,25
1996,Damon Hill,12,111,9.25,1
1996,Jacques Villeneuve,12,105,8.75,2
1996,Michael Schumacher,10,82,8.2,3
1996,Jean Alesi,11,87,7.909090909090909,4
1996,Gerhard Berger,8,50,6.25,5
1996,Mika Häkkinen,13,81,6.230769230769231,6
1996,David Coulthard,8,48,6.0,7
1996,Eddie Irvine,6,35,5.833333333333333,8
1996,Rubens Barrichello,9,46,5.111111111111111,9
1996,Heinz-Harald Frentzen,7,32,4.571428571428571,10
1996,Olivier Panis,9,41,4.555555555555555,11
1996,Martin Brundle,8,34,4.25,12
1996,Mika Salo,7,28,4.0,13
1996,Johnny Herbert,8,26,3.25,14
1996,Pedro Diniz,6,19,3.1666666666666665,15
1996,Jos Verstappen,3,9,3.0,16
1996,Giancarlo Fisichella,1,3,3.0,16
1996,Ukyo Katayama,4,10,2.5,18
1996,Ricardo Rosset,3,7,2.3333333333333335,19
1996,Pedro Lamy,3,4,1.3333333333333333,20
1996,Giovanni Lavaggi,1,1,1.0,21
1996,Andrea Montermini,1,1,1.0,21
1996,Luca Badoer,1,1,1.0,21
1995,Michael Schumacher,12,113,9.416666666666666,1
1995,Damon Hill,10,90,9.0,2
1995,David Coulthard,9,77,8.555555555555555,3
1995,Jean Alesi,9,70,7.777777777777778,4
1995,Gerhard Berger,9,67,7.444444444444445,5
1995,Johnny Herbert,13,88,6.769230769230769,6
1995,Mika Häkkinen,6,38,6.333333333333333,7
1995,Rubens Barrichello,6,34,5.666666666666667,8
1995,Gianni Morbidelli,3,15,5.0,9
1995,Mark Blundell,9,45,5.0,9
1995,Heinz-Harald Frentzen,12,58,4.833333333333333,11
1995,Olivier Panis,11,53,4.818181818181818,12
1995,Eddie Irvine,8,34,4.25,13
1995,Martin Brundle,6,25,4.166666666666667,14
1995,Aguri Suzuki,2,8,4.0,15
1995,Massimiliano Papis,1,4,4.0,15
1995,Pierluigi Martini,2,8,4.0,15
1995,Mika Salo,9,33,3.6666666666666665,18
1995,Jean-Christophe Boullion,5,17,3.4,19
1995,Bertrand Gachot,1,3,3.0,20
1995,Ukyo Katayama,3,8,2.6666666666666665,21
1995,Andrea Montermini,2,5,2.5,22
1995,Pedro Lamy,4,10,2.5,22
1995,Taki Inoue,2,5,2.5,22
1995,Luca Badoer,4,9,2.25,25
1995,Pedro Diniz,4,8,2.0,26
1995,Domenico Schiattarella,1,2,2.0,26
1995,Karl Wendlinger,1,1,1.0,28
1995,Nigel Mansell,1,1,1.0,28
1995,Jan Magnussen,1,1,1.0,28
1994,Michael Schumacher,10,98,9.8,1
1994,Nicola Larini,1,9,9.0,2
1994,Damon Hill,13,113,8.692307692307692,3
1994,Nigel Mansell,2,17,8.5,4
1994,Gerhard Berger,8,66,8.25,5
1994,Mika Häkkinen,7,53,7.571428571428571,6
1994,Rubens Barrichello,7,47,6.714285714285714,7
1994,David Coulthard,5,33,6.6,8
1994,Jean Alesi,8,52,6.5,9
1994,Martin Brundle,6,38,6.333333333333333,10
1994,Jos Verstappen,4,25,6.25,11
1994,Karl Wendlinger,2,12,6.0,12
1994,Andrea de Cesaris,2,12,6.0,12
1994,Eddie Irvine,4,22,5.5,14
1994,Ukyo Katayama,4,21,5.25,15
1994,Heinz-Harald Frentzen,7,35,5.0,16
1994,Gianni Morbidelli,3,13,4.333333333333333,17
1994,Mark Blundell,6,24,4.0,18
1994,Christian Fittipaldi,7,28,4.0,18
1994,Olivier Panis,9,35,3.888888888888889,20
1994,Michele Alboreto,3,11,3.6666666666666665,21
1994,Pierluigi Martini,7,23,3.2857142857142856,22
1994,Johnny Herbert,6,19,3.1666666666666665,23
1994,Jyrki Järvilehto,4,12,3.0,24
1994,Érik Comas,7,21,3.0,24
1994,Olivier Beretta,3,9,3.0,24
1994,Éric Bernard,7,19,2.7142857142857144,27
1994,Jean-Marc Gounon,1,2,2.0,28
1994,Pedro Lamy,2,4,2.0,28
1994,Alessandro Zanardi,1,2,2.0,28
1994,David Brabham,1,1,1.0,31
1994,Mika Salo,1,1,1.0,31
1993,Alain Prost,13,120,9.23076923076923,1
1993,Damon Hill,11,97,8.818181818181818,2
1993,Michael Schumacher,9,79,8.777777777777779,3
1993,Ayrton Senna,11,95,8.636363636363637,4
1993,Mika Häkkinen,1,8,8.0,5
1993,Jean Alesi,7,40,5.714285714285714,6
1993,Riccardo Patrese,9,51,5.666666666666667,7
1993,Gerhard Berger,7,37,5.285714285714286,8
1993,Mark Blundell,8,40,5.0,9
1993,Martin Brundle,10,50,5.0,9
1993,Michael Andretti,5,25,5.0,9
1993,Karl Wendlinger,5,25,5.0,9
1993,Fabrizio Barbazza,2,10,5.0,9
1993,Eddie Irvine,1,5,5.0,9
1993,Johnny Herbert,7,32,4.571428571428571,15
1993,Jyrki Järvilehto,7,29,4.142857142857143,16
1993,Alessandro Zanardi,3,12,4.0,17
1993,Derek Warwick,5,19,3.8,18
1993,Christian Fittipaldi,8,30,3.75,19
1993,Philippe Alliot,6,18,3.0,20
1993,Rubens Barrichello,5,14,2.8,21
1993,Pierluigi Martini,3,8,2.6666666666666665,22
1993,Érik Comas,5,13,2.6,23
1993,Luca Badoer,2,5,2.5,24
1993,Aguri Suzuki,3,7,2.3333333333333335,25
1993,Thierry Boutsen,1,2,2.0,26
1993,Andrea de Cesaris,1,1,1.0,27
1993,Ukyo Katayama,1,1,1.0,27
1992,Nigel Mansell,12,117,9.75,1
1992,Riccardo Patrese,11,89,8.090909090909092,2
1992,Gerhard Berger,10,79,7.9,3
1992,Ayrton Senna,9,71,7.888888888888889,4
1992,Michael Schumacher,12,94,7.833333333333333,5
1992,Martin Brundle,11,81,7.363636363636363,6
1992,Jean Alesi,6,42,7.0,7
1992,Bertrand Gachot,1,5,5.0,8
1992,Mika Häkkinen,9,42,4.666666666666667,9
1992,Johnny Herbert,3,14,4.666666666666667,9
1992,Andrea de Cesaris,7,32,4.571428571428571,11
1992,Stefano Modena,2,9,4.5,12
1992,Michele Alboreto,12,49,4.083333333333333,13
1992,Karl Wendlinger,3,11,3.6666666666666665,14
1992,Érik Comas,8,28,3.5,15
1992,Ivan Capelli,4,14,3.5,15
1992,Christian Fittipaldi,3,10,3.3333333333333335,17
1992,Pierluigi Martini,6,18,3.0,18
1992,Olivier Grouillard,1,3,3.0,18
1992,Gianni Morbidelli,3,8,2.6666666666666665,20
1992,Thierry Boutsen,6,16,2.6666666666666665,20
1992,Maurício Gugelmin,2,5,2.5,22
1992,Aguri Suzuki,7,17,2.4285714285714284,23
1992,Jyrki Järvilehto,8,19,2.375,24
1992,Paul Belmondo,1,2,2.0,25
1992,Ukyo Katayama,2,4,2.0,25
1992,Eric van de Poele,1,1,1.0,27
1991,Nigel Mansell,10,91,9.1,1
1991,Ayrton Senna,15,130,8.666666666666666,2
1991,Gerhard Berger,9,74,8.222222222222221,3
1991,Riccardo Patrese,11,88,8.0,4
1991,Alain Prost,8,63,7.875,5
1991,Jean Alesi,7,49,7.0,6
1991,Nelson Piquet,10,63,6.3,7
1991,Jyrki Järvilehto,2,11,5.5,8
1991,Michael Schumacher,3,16,5.333333333333333,9
1991,Stefano Modena,5,26,5.2,10
1991,Aguri Suzuki,1,5,5.0,11
1991,Julian Bailey,1,5,5.0,11
1991,Andrea de Cesaris,8,39,4.875,13
1991,Roberto Moreno,7,31,4.428571428571429,14
1991,Mark Blundell,2,8,4.0,15
1991,Pierluigi Martini,6,24,4.0,15
1991,Nicola Larini,1,4,4.0,15
1991,Ivan Capelli,2,8,4.0,15
1991,Maurício Gugelmin,4,15,3.75,19
1991,Bertrand Gachot,6,22,3.6666666666666665,20
1991,Éric Bernard,2,7,3.5,21
1991,Mika Häkkinen,3,10,3.3333333333333335,22
1991,Satoru Nakajima,3,10,3.3333333333333335,22
1991,Gianni Morbidelli,5,16,3.2,24
1991,Martin Brundle,3,9,3.0,25
1991,Gabriele Tarquini,1,3,3.0,25
1991,Thierry Boutsen,6,16,2.6666666666666665,27
1991,Emanuele Pirro,7,17,2.4285714285714284,28
1991,Johnny Herbert,3,6,2.0,29
1991,Alessandro Zanardi,2,4,2.0,29
1991,Eric van de Poele,1,2,2.0,29
1991,Érik Comas,4,6,1.5,32
1991,Olivier Grouillard,1,1,1.0,33
1991,Alex Caffi,1,1,1.0,33
1990,Ayrton Senna,11,102,9.272727272727273,1
1990,Alain Prost,12,104,8.666666666666666,2
1990,Nigel Mansell,7,59,8.428571428571429,3
1990,Gerhard Berger,11,85,7.7272727272727275,4
1990,Thierry Boutsen,10,70,7.0,5
1990,Nelson Piquet,13,89,6.846153846153846,6
1990,Roberto Moreno,2,13,6.5,7
1990,Alessandro Nannini,8,48,6.0,8
1990,Aguri Suzuki,4,22,5.5,9
1990,Riccardo Patrese,11,60,5.454545454545454,10
1990,Jean Alesi,9,43,4.777777777777778,11
1990,Satoru Nakajima,4,18,4.5,12
1990,Ivan Capelli,4,18,4.5,12
1990,Gregor Foitek,1,4,4.0,14
1990,Stefano Modena,3,12,4.0,14
1990,Éric Bernard,7,27,3.857142857142857,16
1990,Derek Warwick,5,19,3.8,17
1990,Maurício Gugelmin,3,11,3.6666666666666665,18
1990,Martin Donnelly,3,10,3.3333333333333335,19
1990,Alex Caffi,8,22,2.75,20
1990,Pierluigi Martini,4,11,2.75,20
1990,Yannick Dalmas,1,2,2.0,22
1990,Nicola Larini,7,13,1.8571428571428572,23
1990,Philippe Alliot,3,5,1.6666666666666667,24
1990,Michele Alboreto,4,5,1.25,25
1990,Emanuele Pirro,1,1,1.0,26
1990,Andrea de Cesaris,1,1,1.0,26
1989,Gerhard Berger,3,28,9.333333333333334,1
1989,Ayrton Senna,8,73,9.125,2
1989,Nigel Mansell,6,54,9.0,3
1989,Alain Prost,13,115,8.846153846153847,4
1989,Riccardo Patrese,9,72,8.0,5
1989,Alessandro Nannini,9,63,7.0,6
1989,Johnny Herbert,2,13,6.5,7
1989,Thierry Boutsen,10,65,6.5,7
1989,Stefan Johansson,3,17,5.666666666666667,9
1989,Nelson Piquet,7,38,5.428571428571429,10
1989,Michele Alboreto,3,15,5.0,11
1989,Christian Danner,2,10,5.0,11
1989,Jean Alesi,5,23,4.6,13
1989,Eddie Cheever,7,31,4.428571428571429,14
1989,Alex Caffi,5,22,4.4,15
1989,Maurício Gugelmin,5,21,4.2,16
1989,Pierluigi Martini,6,25,4.166666666666667,17
1989,Luis Pérez-Sala,2,8,4.0,18
1989,Gabriele Tarquini,3,12,4.0,18
1989,Derek Warwick,8,32,4.0,18
1989,René Arnoux,2,8,4.0,18
1989,Martin Brundle,6,24,4.0,18
1989,Stefano Modena,3,12,4.0,18
1989,Satoru Nakajima,5,18,3.6,24
1989,Olivier Grouillard,4,14,3.5,25
1989,Andrea de Cesaris,6,21,3.5,25
1989,Philippe Alliot,2,7,3.5,25
1989,Emanuele Pirro,4,12,3.0,28
1989,Jonathan Palmer,7,20,2.857142857142857,29
1988,Alain Prost,14,133,9.5,1
1988,Nigel Mansell,2,18,9.0,2
1988,Ayrton Senna,14,120,8.571428571428571,3
1988,Michele Alboreto,7,51,7.285714285714286,4
1988,Gerhard Berger,11,78,7.090909090909091,5
1988,Nelson Piquet,9,56,6.222222222222222,6
1988,Thierry Boutsen,13,75,5.769230769230769,7
1988,Jonathan Palmer,3,17,5.666666666666667,8
1988,Derek Warwick,10,55,5.5,9
1988,Alessandro Nannini,7,38,5.428571428571429,10
1988,Ivan Capelli,8,43,5.375,11
1988,Riccardo Patrese,7,35,5.0,12
1988,Pierluigi Martini,2,9,4.5,13
1988,Eddie Cheever,7,30,4.285714285714286,14
1988,Martin Brundle,1,4,4.0,15
1988,Maurício Gugelmin,7,27,3.857142857142857,16
1988,Satoru Nakajima,7,23,3.2857142857142856,17
1988,Andrea de Cesaris,4,13,3.25,18
1988,Yannick Dalmas,4,12,3.0,19
1988,Gabriele Tarquini,1,3,3.0,19
1988,Alex Caffi,4,11,2.75,21
1988,Julian Bailey,1,2,2.0,22
1988,Nicola Larini,1,2,2.0,22
1988,Luis Pérez-Sala,2,4,2.0,22
1988,Philippe Streiff,4,7,1.75,25
1988,Stefan Johansson,3,5,1.6666666666666667,26
1988,Philippe Alliot,4,6,1.5,27
1988,René Arnoux,1,1,1.0,28
1987,Nelson Piquet,12,108,9.0,1
1987,Nigel Mansell,9,79,8.777777777777779,2
1987,Gerhard Berger,7,57,8.142857142857142,3
1987,Ayrton Senna,12,95,7.916666666666667,4
1987,Alain Prost,11,78,7.090909090909091,5
1987,Michele Alboreto,5,35,7.0,6
1987,Stefan Johansson,11,71,6.454545454545454,7
1987,Thierry Boutsen,7,44,6.285714285714286,8
1987,Teo Fabi,7,39,5.571428571428571,9
1987,Andrea de Cesaris,2,11,5.5,10
1987,Roberto Moreno,1,5,5.0,11
1987,Martin Brundle,2,10,5.0,11
1987,Eddie Cheever,7,32,4.571428571428571,13
1987,Satoru Nakajima,8,33,4.125,14
1987,Yannick Dalmas,2,8,4.0,15
1987,Riccardo Patrese,5,20,4.0,15
1987,Jonathan Palmer,10,39,3.9,17
1987,Philippe Alliot,5,19,3.8,18
1987,Philippe Streiff,7,26,3.7142857142857144,19
1987,Piercarlo Ghinzani,3,10,3.3333333333333335,20
1987,Derek Warwick,4,13,3.25,21
1987,Christian Danner,6,17,2.8333333333333335,22
1987,Ivan Capelli,3,8,2.6666666666666665,23
1987,René Arnoux,4,8,2.0,24
1987,Pascal Fabre,3,5,1.6666666666666667,25
1986,Nigel Mansell,12,103,8.583333333333334,1
1986,Nelson Piquet,12,102,8.5,2
1986,Ayrton Senna,10,85,8.5,2
1986,Alain Prost,13,110,8.461538461538462,4
1986,Stefan Johansson,8,52,6.5,5
1986,Keke Rosberg,8,51,6.375,6
1986,Jacques Laffite,6,37,6.166666666666667,7
1986,René Arnoux,9,47,5.222222222222222,8
1986,Michele Alboreto,7,36,5.142857142857143,9
1986,Gerhard Berger,8,40,5.0,10
1986,Riccardo Patrese,4,17,4.25,11
1986,Patrick Tambay,4,16,4.0,12
1986,Martin Brundle,8,31,3.875,13
1986,Johnny Dumfries,6,23,3.8333333333333335,14
1986,Alan Jones,4,15,3.75,15
1986,Philippe Streiff,6,22,3.6666666666666665,16
1986,Christian Danner,3,10,3.3333333333333335,17
1986,Thierry Boutsen,6,20,3.3333333333333335,17
1986,Philippe Alliot,3,10,3.3333333333333335,17
1986,Huub Rothengatter,1,3,3.0,20
1986,Andrea de Cesaris,1,3,3.0,20
1986,Teo Fabi,5,15,3.0,20
1986,Elio de Angelis,1,3,3.0,20
1986,Derek Warwick,4,10,2.5,24
1986,Marc Surer,3,6,2.0,25
1986,Jonathan Palmer,5,9,1.8,26
1985,Alain Prost,12,107,8.916666666666666,1
1985,Michele Alboreto,9,79,8.777777777777779,2
1985,Keke Rosberg,8,63,7.875,3
1985,Niki Lauda,3,23,7.666666666666667,4
1985,Ayrton Senna,8,59,7.375,5
1985,Ivan Capelli,1,7,7.0,6
1985,René Arnoux,1,7,7.0,6
1985,Elio de Angelis,11,74,6.7272727272727275,8
1985,Nigel Mansell,9,60,6.666666666666667,9
1985,Jacques Laffite,6,38,6.333333333333333,10
1985,Nelson Piquet,7,43,6.142857142857143,11
1985,Stefan Johansson,11,65,5.909090909090909,12
1985,Patrick Tambay,7,36,5.142857142857143,13
1985,Stefan Bellof,4,19,4.75,14
1985,John Watson,1,4,4.0,15
1985,Andrea de Cesaris,2,8,4.0,15
1985,Derek Warwick,7,27,3.857142857142857,17
1985,Marc Surer,7,27,3.857142857142857,17
1985,Thierry Boutsen,11,42,3.8181818181818183,19
1985,Gerhard Berger,7,25,3.5714285714285716,20
1985,Philippe Streiff,4,14,3.5,21
1985,Huub Rothengatter,2,6,3.0,22
1985,Pierluigi Martini,1,3,3.0,22
1985,Martin Brundle,8,22,2.75,24
1985,Piercarlo Ghinzani,1,2,2.0,25
1985,Philippe Alliot,1,2,2.0,25
1985,Riccardo Patrese,3,5,1.6666666666666667,27
1985,Eddie Cheever,2,3,1.5,28
1984,Niki Lauda,10,93,9.3,1
1984,Alain Prost,11,98,8.909090909090908,2
1984,Derek Warwick,5,41,8.2,3
1984,Michele Alboreto,7,54,7.714285714285714,4
1984,Stefan Johansson,1,7,7.0,5
1984,Nelson Piquet,7,48,6.857142857142857,6
1984,Keke Rosberg,6,41,6.833333333333333,7
1984,Elio de Angelis,12,82,6.833333333333333,7
1984,Nigel Mansell,5,33,6.6,9
1984,Ayrton Senna,6,39,6.5,10
1984,René Arnoux,11,69,6.2727272727272725,11
1984,Jo Gartner,1,6,6.0,12
1984,Teo Fabi,4,23,5.75,13
1984,Patrick Tambay,7,37,5.285714285714286,14
1984,Gerhard Berger,1,5,5.0,15
1984,Riccardo Patrese,5,24,4.8,16
1984,Jacques Laffite,4,19,4.75,17
1984,Eddie Cheever,3,13,4.333333333333333,18
1984,Piercarlo Ghinzani,4,16,4.0,19
1984,Thierry Boutsen,5,20,4.0,19
1984,Corrado Fabi,1,4,4.0,19
1984,Marc Surer,4,14,3.5,22
1984,Andrea de Cesaris,6,21,3.5,22
1984,Mauro Baldi,3,9,3.0,24
1984,Huub Rothengatter,2,5,2.5,25
1984,François Hesnault,5,12,2.4,26
1984,Manfred Winkelhock,3,7,2.3333333333333335,27
1984,Jonathan Palmer,5,10,2.0,28
1984,Johnny Cecotto,1,2,2.0,28
1984,Philippe Alliot,2,2,1.0,30
1983,Nelson Piquet,10,87,8.7,1
1983,Patrick Tambay,9,71,7.888888888888889,2
1983,Alain Prost,11,86,7.818181818181818,3
1983,René Arnoux,11,77,7.0,4
1983,Andrea de Cesaris,4,28,7.0,4
1983,Niki Lauda,4,27,6.75,6
1983,Eddie Cheever,7,46,6.571428571428571,7
1983,Keke Rosberg,9,55,6.111111111111111,8
1983,John Watson,8,47,5.875,9
1983,Nigel Mansell,5,29,5.8,10
1983,Jacques Laffite,7,39,5.571428571428571,11
1983,Derek Warwick,6,32,5.333333333333333,12
1983,Riccardo Patrese,5,25,5.0,13
1983,Michele Alboreto,5,23,4.6,14
1983,Danny Sullivan,3,13,4.333333333333333,15
1983,Stefan Johansson,1,4,4.0,16
1983,Elio de Angelis,2,8,4.0,16
1983,Bruno Giacomelli,4,14,3.5,18
1983,Marc Surer,8,28,3.5,18
1983,Mauro Baldi,5,17,3.4,20
1983,Johnny Cecotto,2,6,3.0,21
1983,Thierry Boutsen,4,12,3.0,21
1983,Chico Serra,3,9,3.0,21
1983,Manfred Winkelhock,2,5,2.5,24
1983,Jean-Pierre Jarier,6,13,2.1666666666666665,25
1983,Raul Boesel,4,8,2.0,26
1983,Corrado Fabi,1,1,1.0,27
1982,Carlos Reutemann,1,9,9.0,1
1982,Gilles Villeneuve,1,9,9.0,1
1982,Riccardo Patrese,4,33,8.25,3
1982,Nelson Piquet,4,32,8.0,4
1982,Mario Andretti,1,8,8.0,4
1982,Didier Pironi,8,61,7.625,6
1982,René Arnoux,5,38,7.6,7
1982,Keke Rosberg,11,81,7.363636363636363,8
1982,Patrick Tambay,6,44,7.333333333333333,9
1982,Niki Lauda,7,51,7.285714285714286,10
1982,Alain Prost,8,57,7.125,11
1982,John Watson,10,67,6.7,12
1982,Elio de Angelis,8,51,6.375,13
1982,Eddie Cheever,5,31,6.2,14
1982,Michele Alboreto,11,63,5.7272727272727275,15
1982,Jacques Laffite,3,15,5.0,16
1982,Derek Daly,8,38,4.75,17
1982,Nigel Mansell,6,28,4.666666666666667,18
1982,Chico Serra,2,9,4.5,19
1982,Jean-Pierre Jarier,2,9,4.5,19
1982,Marc Surer,7,25,3.5714285714285716,21
1982,Manfred Winkelhock,2,7,3.5,22
1982,Andrea de Cesaris,5,17,3.4,23
1982,Eliseo Salazar,3,10,3.3333333333333335,24
1982,Bruno Giacomelli,4,13,3.25,25
1982,Mauro Baldi,5,16,3.2,26
1982,Roberto Guerrero,1,3,3.0,27
1982,Jochen Mass,4,11,2.75,28
1982,Brian Henton,6,16,2.6666666666666665,29
1982,Raul Boesel,2,5,2.5,30
1982,Slim Borgudd,2,5,2.5,30
1982,Derek Warwick,1,1,1.0,32
1981,Alain Prost,6,56,9.333333333333334,1
1981,Alan Jones,9,73,8.11111111111111,2
1981,Nelson Piquet,10,80,8.0,3
1981,Jacques Laffite,9,72,8.0,3
1981,Carlos Reutemann,12,81,6.75,5
1981,Gilles Villeneuve,6,40,6.666666666666667,6
1981,Nigel Mansell,4,24,6.0,7
1981,Eddie Cheever,5,30,6.0,7
1981,John Watson,10,58,5.8,9
1981,Hector Rebaque,5,29,5.8,9
1981,Riccardo Patrese,4,22,5.5,11
1981,Elio de Angelis,10,54,5.4,12
1981,Eliseo Salazar,1,5,5.0,13
1981,Didier Pironi,7,32,4.571428571428571,14
1981,René Arnoux,7,32,4.571428571428571,14
1981,Andrea de Cesaris,3,12,4.0,16
1981,Chico Serra,1,4,4.0,16
1981,Marc Surer,5,19,3.8,18
1981,Bruno Giacomelli,6,22,3.6666666666666665,19
1981,Derek Daly,2,7,3.5,20
1981,Patrick Tambay,3,10,3.3333333333333335,21
1981,Mario Andretti,7,23,3.2857142857142856,22
1981,Siegfried Stohr,2,6,3.0,23
1981,Slim Borgudd,2,6,3.0,23
1981,Jean-Pierre Jarier,5,13,2.6,25
1981,Michele Alboreto,1,2,2.0,26
1981,Keke Rosberg,2,3,1.5,27
1981,Brian Henton,1,1,1.0,28
1980,Alan Jones,10,93,9.3,1
1980,Nelson Piquet,10,83,8.3,2
1980,Carlos Reutemann,11,87,7.909090909090909,3
1980,Didier Pironi,8,60,7.5,4
1980,Jacques Laffite,9,62,6.888888888888889,5
1980,Bruno Giacomelli,2,12,6.0,6
1980,René Arnoux,9,51,5.666666666666667,7
1980,Jean-Pierre Jabouille,2,11,5.5,8
1980,Emerson Fittipaldi,3,16,5.333333333333333,9
1980,John Watson,4,21,5.25,10
1980,Jean-Pierre Jarier,5,26,5.2,11
1980,Alain Prost,6,29,4.833333333333333,12
1980,Gilles Villeneuve,7,32,4.571428571428571,13
1980,Elio de Angelis,7,32,4.571428571428571,13
1980,Derek Daly,5,20,4.0,15
1980,Mario Andretti,4,16,4.0,15
1980,Riccardo Patrese,6,23,3.8333333333333335,17
1980,Keke Rosberg,6,23,3.8333333333333335,17
1980,Jochen Mass,6,21,3.5,19
1980,Hector Rebaque,3,10,3.3333333333333335,20
1980,Jody Scheckter,5,15,3.0,21
1980,Ricardo Zunino,3,8,2.6666666666666665,22
1980,Marc Surer,3,8,2.6666666666666665,22
1980,Clay Regazzoni,1,2,2.0,24
1980,Rupert Keegan,1,2,2.0,24
1979,Jacques Laffite,7,56,8.0,1
1979,Jody Scheckter,13,100,7.6923076923076925,2
1979,Patrick Depailler,5,38,7.6,3
1979,Gilles Villeneuve,11,83,7.545454545454546,4
1979,Alan Jones,8,59,7.375,5
1979,Carlos Reutemann,8,54,6.75,6
1979,René Arnoux,5,33,6.6,7
1979,Clay Regazzoni,9,58,6.444444444444445,8
1979,Jean-Pierre Jarier,6,38,6.333333333333333,9
1979,Niki Lauda,2,12,6.0,10
1979,Mario Andretti,6,35,5.833333333333333,11
1979,Jacky Ickx,2,11,5.5,12
1979,Jean-Pierre Jabouille,2,11,5.5,12
1979,John Watson,9,48,5.333333333333333,14
1979,Elio de Angelis,3,15,5.0,15
1979,Nelson Piquet,3,14,4.666666666666667,16
1979,Didier Pironi,9,42,4.666666666666667,16
1979,Hans-Joachim Stuck,2,9,4.5,18
1979,Geoff Lees,1,4,4.0,19
1979,Ricardo Zunino,1,4,4.0,19
1979,Jochen Mass,7,27,3.857142857142857,21
1979,Emerson Fittipaldi,5,17,3.4,22
1979,Derek Daly,1,3,3.0,23
1979,Riccardo Patrese,3,9,3.0,23
1979,James Hunt,1,3,3.0,23
1979,Hector Rebaque,2,6,3.0,23
1979,Keke Rosberg,1,2,2.0,27
1979,Patrick Tambay,4,7,1.75,28
1979,Jan Lammers,3,4,1.3333333333333333,29
1978,Niki Lauda,7,63,9.0,1
1978,Ronnie Peterson,9,77,8.555555555555555,2
1978,Patrick Depailler,7,57,8.142857142857142,3
1978,Mario Andretti,11,86,7.818181818181818,4
1978,Carlos Reutemann,11,76,6.909090909090909,5
1978,Jody Scheckter,7,47,6.714285714285714,6
1978,John Watson,10,63,6.3,7
1978,Hans-Joachim Stuck,1,6,6.0,8
1978,Jacques Laffite,12,61,5.083333333333333,9
1978,Emerson Fittipaldi,10,50,5.0,10
1978,Gilles Villeneuve,9,43,4.777777777777778,11
1978,James Hunt,6,28,4.666666666666667,12
1978,Riccardo Patrese,7,32,4.571428571428571,13
1978,Alan Jones,7,32,4.571428571428571,13
1978,Patrick Tambay,9,39,4.333333333333333,15
1978,Clay Regazzoni,3,13,4.333333333333333,15
1978,Didier Pironi,8,33,4.125,17
1978,Jean-Pierre Jabouille,2,8,4.0,18
1978,Vittorio Brambilla,3,11,3.6666666666666665,19
1978,Bruno Giacomelli,2,7,3.5,20
1978,Brett Lunger,3,10,3.3333333333333335,21
1978,Derek Daly,3,9,3.0,22
1978,Jean-Pierre Jarier,1,3,3.0,22
1978,Jochen Mass,2,6,3.0,22
1978,Hector Rebaque,2,6,3.0,22
1978,René Arnoux,3,6,2.0,26
1978,Nelson Piquet,1,2,2.0,26
1978,Rolf Stommelen,2,4,2.0,26
1978,Keke Rosberg,1,1,1.0,29
1977,Carlos Pace,1,9,9.0,1
1977,Niki Lauda,12,105,8.75,2
1977,Jody Scheckter,10,81,8.1,3
1977,James Hunt,8,62,7.75,4
1977,Mario Andretti,9,68,7.555555555555555,5
1977,Patrick Depailler,6,42,7.0,6
1977,Carlos Reutemann,12,84,7.0,6
1977,Alan Jones,7,47,6.714285714285714,8
1977,Gunnar Nilsson,6,40,6.666666666666667,9
1977,Jochen Mass,9,58,6.444444444444445,10
1977,John Watson,4,23,5.75,11
1977,Patrick Tambay,3,17,5.666666666666667,12
1977,Emerson Fittipaldi,5,28,5.6,13
1977,Hans-Joachim Stuck,8,41,5.125,14
1977,Jacques Laffite,10,50,5.0,15
1977,Renzo Zorzi,1,5,5.0,15
1977,Ronnie Peterson,5,24,4.8,17
1977,Clay Regazzoni,6,27,4.5,18
1977,Vittorio Brambilla,8,35,4.375,19
1977,Danny Ongais,1,4,4.0,20
1977,Ingo Hoffmann,1,4,4.0,20
1977,Vern Schuppan,1,4,4.0,20
1977,Jean-Pierre Jarier,4,12,3.0,23
1977,Alex Ribeiro,2,6,3.0,23
1977,Rupert Keegan,4,10,2.5,25
1977,Hans Binder,2,5,2.5,25
1977,Riccardo Patrese,4,9,2.25,27
1977,Jackie Oliver,1,2,2.0,28
1977,Patrick Nève,4,8,2.0,28
1977,Kunimitsu Takahashi,1,2,2.0,28
1977,Harald Ertl,1,2,2.0,28
1977,Brett Lunger,4,5,1.25,32
1977,Brian Henton,1,1,1.0,33
1977,Jacky Ickx,1,1,1.0,33
1977,Ian Scheckter,1,1,1.0,33
1976,James Hunt,10,90,9.0,1
1976,Niki Lauda,11,94,8.545454545454545,2
1976,Jody Scheckter,12,90,7.5,3
1976,Patrick Depailler,10,72,7.2,4
1976,Mario Andretti,6,43,7.166666666666667,5
1976,Jacques Laffite,6,43,7.166666666666667,5
1976,Gunnar Nilsson,4,27,6.75,7
1976,Clay Regazzoni,10,63,6.3,8
1976,Hans-Joachim Stuck,4,24,6.0,9
1976,Jochen Mass,10,57,5.7,10
1976,John Watson,9,47,5.222222222222222,11
1976,Rolf Stommelen,1,5,5.0,12
1976,Carlos Reutemann,2,9,4.5,13
1976,Chris Amon,2,9,4.5,13
1976,Ronnie Peterson,5,22,4.4,15
1976,Emerson Fittipaldi,4,17,4.25,16
1976,Tom Pryce,11,45,4.090909090909091,17
1976,Alan Jones,7,28,4.0,18
1976,Carlos Pace,9,34,3.7777777777777777,19
1976,Harald Ertl,3,10,3.3333333333333335,20
1976,Vittorio Brambilla,4,13,3.25,21
1976,Larry Perkins,1,3,3.0,22
1976,Jacky Ickx,4,9,2.25,23
1976,Henri Pescarolo,1,2,2.0,24
1976,Renzo Zorzi,1,2,2.0,24
1976,Arturo Merzario,1,2,2.0,24
1976,Noritake Takahara,1,2,2.0,24
1976,Jean-Pierre Jarier,7,14,2.0,24
1976,Bob Evans,1,1,1.0,29
1976,Michel Leclère,1,1,1.0,29
1976,Brett Lunger,1,1,1.0,29
1975,Jacques Laffite,1,9,9.0,1
1975,James Hunt,8,62,7.75,2
1975,Niki Lauda,13,100,7.6923076923076925,3
1975,Emerson Fittipaldi,10,72,7.2,4
1975,Carlos Pace,6,43,7.166666666666667,5
1975,Clay Regazzoni,7,50,7.142857142857143,6
1975,Carlos Reutemann,10,71,7.1,7
1975,Jochen Mass,8,55,6.875,8
1975,Vittorio Brambilla,5,27,5.4,9
1975,Tom Pryce,6,32,5.333333333333333,10
1975,Jody Scheckter,9,48,5.333333333333333,10
1975,Jean-Pierre Jarier,2,10,5.0,12
1975,Patrick Depailler,9,42,4.666666666666667,13
1975,Lella Lombardi,2,9,4.5,14
1975,Mario Andretti,4,18,4.5,14
1975,Mark Donohue,5,22,4.4,16
1975,Tony Brise,4,17,4.25,17
1975,Jacky Ickx,4,17,4.25,17
1975,Rolf Stommelen,1,4,4.0,19
1975,Ronnie Peterson,6,23,3.8333333333333335,20
1975,Alan Jones,2,7,3.5,21
1975,Gijs van Lennep,2,6,3.0,22
1975,Hans-Joachim Stuck,1,3,3.0,22
1975,Harald Ertl,2,5,2.5,24
1975,Bob Evans,1,2,2.0,25
1975,John Watson,5,8,1.6,26
1975,Graham Hill,1,1,1.0,27
1975,Torsten Palm,1,1,1.0,27
1975,Wilson Fittipaldi,1,1,1.0,27
1975,Brett Lunger,1,1,1.0,27
1974,Niki Lauda,6,53,8.833333333333334,1
1974,Clay Regazzoni,11,89,8.090909090909092,2
1974,Jody Scheckter,10,76,7.6,3
1974,Emerson Fittipaldi,12,89,7.416666666666667,4
1974,Jacky Ickx,4,28,7.0,5
1974,Ronnie Peterson,8,54,6.75,6
1974,Carlos Reutemann,8,53,6.625,7
1974,Hans-Joachim Stuck,3,17,5.666666666666667,8
1974,James Hunt,6,34,5.666666666666667,8
1974,Denny Hulme,9,50,5.555555555555555,10
1974,Mike Hailwood,7,38,5.428571428571429,11
1974,Carlos Pace,5,27,5.4,12
1974,John Watson,5,26,5.2,13
1974,Patrick Depailler,10,48,4.8,14
1974,Arturo Merzario,3,14,4.666666666666667,15
1974,Jean-Pierre Beltoise,5,23,4.6,16
1974,Jean-Pierre Jarier,5,21,4.2,17
1974,Brian Redman,1,4,4.0,18
1974,Jochen Mass,1,4,4.0,18
1974,Mario Andretti,1,4,4.0,18
1974,Guy Edwards,2,7,3.5,21
1974,Graham Hill,6,20,3.3333333333333335,22
1974,Tom Belsø,1,3,3.0,23
1974,Tom Pryce,3,9,3.0,23
1974,David Hobbs,2,6,3.0,23
1974,Howden Ganley,1,3,3.0,23
1974,Dieter Quester,1,2,2.0,27
1974,Chris Amon,1,2,2.0,27
1974,Rikky von Opel,2,4,2.0,27
1974,Vittorio Brambilla,5,10,2.0,27
1974,Henri Pescarolo,2,3,1.5,31
1974,Tim Schenken,2,2,1.0,32
1974,Helmuth Koinigg,1,1,1.0,32
1973,Ronnie Peterson,7,66,9.428571428571429,1
1973,Emerson Fittipaldi,10,83,8.3,2
1973,Jackie Stewart,13,103,7.923076923076923,3
1973,François Cevert,11,82,7.454545454545454,4
1973,Peter Revson,11,72,6.545454545454546,5
1973,Denny Hulme,11,65,5.909090909090909,6
1973,Carlos Reutemann,8,47,5.875,7
1973,James Hunt,6,35,5.833333333333333,8
1973,Jean-Pierre Beltoise,5,27,5.4,9
1973,Jacky Ickx,8,42,5.25,10
1973,Arturo Merzario,5,24,4.8,11
1973,Andrea de Adamich,3,14,4.666666666666667,12
1973,Carlos Pace,5,23,4.6,13
1973,Jackie Oliver,3,12,4.0,14
1973,Wilson Fittipaldi,3,12,4.0,14
1973,Jochen Mass,1,4,4.0,14
1973,George Follmer,4,15,3.75,17
1973,Niki Lauda,3,11,3.6666666666666665,18
1973,Gijs van Lennep,2,7,3.5,19
1973,Clay Regazzoni,9,29,3.2222222222222223,20
1973,Chris Amon,2,6,3.0,21
1973,Howden Ganley,5,14,2.8,22
1973,Mike Hailwood,4,10,2.5,23
1973,Mike Beuttler,4,9,2.25,24
1973,Henri Pescarolo,2,4,2.0,25
1973,Nanni Galli,1,2,2.0,25
1973,Jody Scheckter,1,2,2.0,25
1973,David Purley,1,2,2.0,25
1973,Graham Hill,2,3,1.5,29
1972,Emerson Fittipaldi,8,76,9.5,1
1972,Jackie Stewart,7,60,8.571428571428571,2
1972,Denny Hulme,9,70,7.777777777777778,3
1972,Jacky Ickx,6,45,7.5,4
1972,Peter Revson,7,50,7.142857142857143,5
1972,Mike Hailwood,4,28,7.0,6
1972,Clay Regazzoni,5,33,6.6,7
1972,Chris Amon,6,36,6.0,8
1972,Andrea de Adamich,2,11,5.5,9
1972,Mario Andretti,3,16,5.333333333333333,10
1972,Ronnie Peterson,8,40,5.0,11
1972,François Cevert,6,30,5.0,11
1972,Peter Gethin,1,5,5.0,11
1972,Arturo Merzario,1,5,5.0,11
1972,Brian Redman,3,14,4.666666666666667,15
1972,Carlos Reutemann,3,14,4.666666666666667,15
1972,Jean-Pierre Beltoise,4,18,4.5,17
1972,Carlos Pace,3,13,4.333333333333333,18
1972,Tim Schenken,3,13,4.333333333333333,18
1972,Patrick Depailler,1,4,4.0,20
1972,Howden Ganley,5,18,3.6,21
1972,Graham Hill,6,21,3.5,22
1972,Wilson Fittipaldi,4,13,3.25,23
1972,Henri Pescarolo,1,3,3.0,24
1972,Niki Lauda,3,7,2.3333333333333335,25
1972,Jody Scheckter,1,2,2.0,26
1972,Mike Beuttler,2,4,2.0,26
1972,Helmut Marko,3,5,1.6666666666666667,28
1972,David Walker,2,3,1.5,29
1972,Rolf Stommelen,2,2,1.0,30
1972,Reine Wisell,1,1,1.0,30
1971,Jackie Stewart,8,75,9.375,1
1971,Mario Andretti,2,17,8.5,2
1971,Mark Donohue,1,8,8.0,3
1971,Clay Regazzoni,4,29,7.25,4
1971,Mike Hailwood,1,7,7.0,5
1971,Ronnie Peterson,9,61,6.777777777777778,6
1971,Jacky Ickx,5,33,6.6,7
1971,François Cevert,7,46,6.571428571428571,8
1971,Emerson Fittipaldi,6,38,6.333333333333333,9
1971,Denny Hulme,4,25,6.25,10
1971,Pedro Rodríguez,3,18,6.0,11
1971,Reine Wisell,5,28,5.6,12
1971,Jo Siffert,7,37,5.285714285714286,13
1971,Chris Amon,5,26,5.2,14
1971,Henri Pescarolo,3,15,5.0,15
1971,John Surtees,5,22,4.4,16
1971,Tim Schenken,4,16,4.0,17
1971,Brian Redman,1,4,4.0,17
1971,Rolf Stommelen,4,16,4.0,17
1971,Howden Ganley,6,22,3.6666666666666665,20
1971,Jean-Pierre Beltoise,5,18,3.6,21
1971,Peter Gethin,5,18,3.6,21
1971,Graham Hill,5,15,3.0,23
1971,Gijs van Lennep,1,3,3.0,23
1971,Jackie Oliver,2,6,3.0,23
1971,Jo Bonnier,1,1,1.0,26
1971,David Hobbs,1,1,1.0,26
1970,Jochen Rindt,5,50,10.0,1
1970,Bruce McLaren,1,9,9.0,2
1970,Clay Regazzoni,6,51,8.5,3
1970,Jacky Ickx,7,57,8.142857142857142,4
1970,Mario Andretti,1,8,8.0,5
1970,Reine Wisell,1,8,8.0,5
1970,Jackie Stewart,5,38,7.6,7
1970,Jack Brabham,5,37,7.4,8
1970,Denny Hulme,8,58,7.25,9
1970,Emerson Fittipaldi,3,20,6.666666666666667,10
1970,Chris Amon,8,52,6.5,11
1970,Jean-Pierre Beltoise,7,43,6.142857142857143,12
1970,Johnny Servoz-Gavin,1,6,6.0,13
1970,Rolf Stommelen,5,30,6.0,13
1970,Pedro Rodríguez,8,46,5.75,15
1970,Ignazio Giunti,2,11,5.5,16
1970,Derek Bell,1,5,5.0,17
1970,Dan Gurney,1,5,5.0,17
1970,Jackie Oliver,2,10,5.0,17
1970,Graham Hill,5,24,4.8,20
1970,Henri Pescarolo,9,40,4.444444444444445,21
1970,John Miles,3,13,4.333333333333333,22
1970,John Surtees,4,16,4.0,23
1970,François Cevert,4,15,3.75,24
1970,John Love,1,3,3.0,25
1970,Andrea de Adamich,1,3,3.0,25
1970,Peter Gethin,2,6,3.0,25
1970,Ronnie Peterson,3,8,2.6666666666666665,28
1970,Jo Siffert,6,15,2.5,29
1970,George Eaton,1,1,1.0,30
1969,Jackie Stewart,8,76,9.5,1
1969,Jochen Rindt,4,34,8.5,2
1969,Chris Amon,1,8,8.0,3
1969,Jack Brabham,4,29,7.25,4
1969,Jacky Ickx,8,58,7.25,4
1969,Bruce McLaren,8,57,7.125,6
1969,Richard Attwood,1,7,7.0,7
1969,Denny Hulme,7,44,6.285714285714286,8
1969,Piers Courage,5,31,6.2,9
1969,Jean-Pierre Beltoise,9,53,5.888888888888889,10
1969,Graham Hill,7,41,5.857142857142857,11
1969,Jo Siffert,7,38,5.428571428571429,12
1969,John Surtees,3,16,5.333333333333333,13
1969,Pedro Rodríguez,3,15,5.0,14
1969,Silvio Moser,2,9,4.5,15
1969,Jackie Oliver,2,9,4.5,15
1969,Johnny Servoz-Gavin,2,8,4.0,17
1969,Vic Elford,4,16,4.0,17
1969,Sam Tingle,1,3,3.0,19
1969,Pete Lovely,2,6,3.0,19
1969,John Miles,1,1,1.0,21
1968,Jim Clark,1,10,10.0,1
1968,Johnny Servoz-Gavin,1,9,9.0,2
1968,Graham Hill,8,66,8.25,3
1968,Jochen Rindt,2,16,8.0,4
1968,Brian Redman,1,8,8.0,4
1968,Jacky Ickx,6,48,8.0,4
1968,Pedro Rodríguez,5,37,7.4,7
1968,Jackie Stewart,8,59,7.375,8
1968,Denny Hulme,8,58,7.25,9
1968,Jackie Oliver,2,14,7.0,10
1968,Ludovico Scarfiotti,2,14,7.0,10
1968,Bruce McLaren,6,40,6.666666666666667,12
1968,John Surtees,4,26,6.5,13
1968,Lucien Bianchi,2,13,6.5,13
1968,Silvio Moser,1,6,6.0,15
1968,Jo Siffert,5,29,5.8,16
1968,Richard Attwood,3,17,5.666666666666667,17
1968,Chris Amon,4,22,5.5,18
1968,Vic Elford,3,16,5.333333333333333,19
1968,Jean-Pierre Beltoise,6,31,5.166666666666667,20
1968,Jo Bonnier,3,14,4.666666666666667,21
1968,Dan Gurney,2,9,4.5,22
1968,Piers Courage,4,18,4.5,22
1968,Jack Brabham,2,7,3.5,24
1968,John Love,1,2,2.0,25
1968,Henri Pescarolo,1,2,2.0,25
1968,Hubert Hahne,1,1,1.0,27
1967,Dan Gurney,2,18,9.0,1
1967,John Love,1,9,9.0,1
1967,Jim Clark,6,53,8.833333333333334,3
1967,Denny Hulme,9,78,8.666666666666666,4
1967,Jackie Stewart,2,17,8.5,5
1967,Graham Hill,3,25,8.333333333333334,6
1967,Jack Brabham,9,74,8.222222222222221,7
1967,John Surtees,5,37,7.4,8
1967,Jochen Rindt,2,14,7.0,9
1967,Chris Amon,8,50,6.25,10
1967,Jackie Oliver,1,6,6.0,11
1967,Mike Parkes,1,6,6.0,11
1967,Pedro Rodríguez,6,34,5.666666666666667,13
1967,Bruce McLaren,2,11,5.5,14
1967,Mike Spence,6,32,5.333333333333333,15
1967,Jacky Ickx,1,5,5.0,16
1967,Ludovico Scarfiotti,1,5,5.0,16
1967,Jo Siffert,4,19,4.75,18
1967,Chris Irwin,4,16,4.0,19
1967,Jean-Pierre Beltoise,2,8,4.0,19
1967,Bob Anderson,3,11,3.6666666666666665,21
1967,Jo Bonnier,4,14,3.5,22
1967,Alan Rees,2,6,3.0,23
1967,Jonathan Williams,1,3,3.0,23
1967,David Hobbs,3,6,2.0,25
1967,Guy Ligier,3,5,1.6666666666666667,26
1967,Richard Attwood,1,1,1.0,27
1966,Ludovico Scarfiotti,1,10,10.0,1
1966,Jack Brabham,6,56,9.333333333333334,2
1966,John Surtees,4,37,9.25,3
1966,Mike Parkes,2,18,9.0,4
1966,Jim Clark,3,25,8.333333333333334,5
1966,Denny Hulme,4,33,8.25,6
1966,Graham Hill,4,32,8.0,7
1966,Jackie Stewart,3,23,7.666666666666667,8
1966,Jochen Rindt,6,46,7.666666666666667,8
1966,Jo Siffert,1,7,7.0,10
1966,Lorenzo Bandini,4,27,6.75,11
1966,Richie Ginther,2,13,6.5,12
1966,Mike Spence,2,12,6.0,13
1966,Bruce McLaren,2,11,5.5,14
1966,Dan Gurney,3,16,5.333333333333333,15
1966,Jo Bonnier,2,9,4.5,16
1966,Bob Anderson,2,9,4.5,16
1966,Bob Bondurant,3,13,4.333333333333333,18
1966,Chris Irwin,1,4,4.0,19
1966,Peter Arundell,4,15,3.75,20
1966,John Taylor,3,11,3.6666666666666665,21
1966,Chris Amon,1,3,3.0,22
1966,Ronnie Bucknum,1,3,3.0,22
1966,Giacomo Russo,1,2,2.0,24
1966,Guy Ligier,2,3,1.5,25
1965,Jim Clark,7,61,8.714285714285714,1
1965,Graham Hill,9,74,8.222222222222221,2
1965,Jackie Stewart,7,56,8.0,3
1965,John Surtees,5,36,7.2,4
1965,Dan Gurney,7,48,6.857142857142857,5
1965,Jack Brabham,4,24,6.0,6
1965,Richie Ginther,4,24,6.0,6
1965,Ronnie Bucknum,1,6,6.0,6
1965,Mike Spence,6,33,5.5,9
1965,Bruce McLaren,5,27,5.4,10
1965,Denny Hulme,3,16,5.333333333333333,11
1965,Pedro Rodríguez,2,10,5.0,12
1965,Jochen Rindt,3,15,5.0,12
1965,Lorenzo Bandini,8,38,4.75,14
1965,Jo Siffert,6,26,4.333333333333333,15
1965,Jo Bonnier,5,19,3.8,16
1965,Richard Attwood,3,11,3.6666666666666665,17
1965,Masten Gregory,1,3,3.0,18
1965,Frank Gardner,1,3,3.0,18
1965,Bob Anderson,2,4,2.0,20
1965,Bob Bondurant,1,2,2.0,20
1965,Innes Ireland,2,3,1.5,22
1965,Paul Hawkins,2,3,1.5,22
1965,Peter de Klerk,1,1,1.0,24
1964,John Surtees,6,55,9.166666666666666,1
1964,Graham Hill,7,60,8.571428571428571,2
1964,Jim Clark,6,47,7.833333333333333,3
1964,Peter Arundell,4,25,6.25,4
1964,Jack Brabham,4,25,6.25,4
1964,Bruce McLaren,5,31,6.2,6
1964,Lorenzo Bandini,7,43,6.142857142857143,7
1964,Richie Ginther,9,55,6.111111111111111,8
1964,Tony Maggs,2,12,6.0,9
1964,Maurice Trintignant,1,6,6.0,9
1964,Walt Hansgen,1,6,6.0,9
1964,Jo Siffert,4,22,5.5,12
1964,Dan Gurney,5,27,5.4,13
1964,Bob Anderson,4,21,5.25,14
1964,Pedro Rodríguez,1,5,5.0,15
1964,Trevor Taylor,2,9,4.5,16
1964,Jo Bonnier,3,13,4.333333333333333,17
1964,Mike Spence,4,17,4.25,18
1964,Chris Amon,2,7,3.5,19
1964,Mike Hailwood,4,14,3.5,19
1964,Innes Ireland,4,14,3.5,19
1964,Phil Hill,5,16,3.2,22
1964,Giancarlo Baghetti,4,11,2.75,23
1964,Gerhard Mitter,1,2,2.0,24
1964,Ludovico Scarfiotti,1,2,2.0,24
1964,Moisés Solana,1,1,1.0,26
1963,Jim Clark,10,90,9.0,1
1963,Graham Hill,6,51,8.5,2
1963,Bruce McLaren,4,32,8.0,3
1963,Richie Ginther,8,63,7.875,4
1963,Dan Gurney,5,37,7.4,5
1963,John Surtees,5,36,7.2,6
1963,Gerhard Mitter,1,7,7.0,7
1963,Jack Brabham,6,35,5.833333333333333,8
1963,Innes Ireland,3,16,5.333333333333333,9
1963,Tony Maggs,6,30,5.0,10
1963,Ludovico Scarfiotti,1,5,5.0,10
1963,Lorenzo Bandini,4,19,4.75,12
1963,Jo Bonnier,7,33,4.714285714285714,13
1963,Peter Broeker,1,4,4.0,14
1963,Chris Amon,2,8,4.0,14
1963,Hap Sharp,1,4,4.0,14
1963,Jim Hall,6,21,3.5,17
1963,Jo Siffert,4,13,3.25,18
1963,Tony Settember,1,3,3.0,19
1963,Trevor Taylor,4,12,3.0,19
1963,Carel Godin de Beaufort,6,15,2.5,21
1963,Maurice Trintignant,2,5,2.5,21
1963,John Love,1,2,2.0,23
1963,Mike Hailwood,2,4,2.0,23
1963,Bernard Collomb,1,1,1.0,25
1962,Phil Hill,3,25,8.333333333333334,1
1962,Bruce McLaren,7,56,8.0,2
1962,Graham Hill,9,72,8.0,2
1962,Jim Clark,5,39,7.8,4
1962,John Surtees,5,37,7.4,5
1962,Dan Gurney,4,26,6.5,6
1962,Richie Ginther,4,24,6.0,7
1962,Ricardo Rodríguez,2,12,6.0,7
1962,Jack Brabham,5,28,5.6,9
1962,Willy Mairesse,2,11,5.5,10
1962,Lorenzo Bandini,2,11,5.5,10
1962,Tony Maggs,7,38,5.428571428571429,12
1962,Neville Lederle,1,5,5.0,13
1962,Trevor Taylor,3,15,5.0,13
1962,Jo Bonnier,4,19,4.75,15
1962,Giancarlo Baghetti,3,14,4.666666666666667,16
1962,Masten Gregory,2,9,4.5,17
1962,Innes Ireland,2,9,4.5,17
1962,Carel Godin de Beaufort,4,15,3.75,19
1962,Maurice Trintignant,2,7,3.5,20
1962,John Love,1,3,3.0,21
1962,Bruce Johnstone,1,2,2.0,22
1962,Nino Vaccarella,1,2,2.0,22
1962,Roger Penske,1,2,2.0,22
1962,Lucien Bianchi,1,2,2.0,22
1962,Jackie Lewis,2,4,2.0,22
1962,Rob Schroeder,1,1,1.0,27
1962,Ernie Pieterse,1,1,1.0,27
1962,Jo Siffert,1,1,1.0,27
1961,Giancarlo Baghetti,1,10,10.0,1
1961,Wolfgang von Trips,5,45,9.0,2
1961,Phil Hill,7,56,8.0,3
1961,Stirling Moss,4,30,7.5,4
1961,Olivier Gendebien,1,7,7.0,5
1961,Richie Ginther,5,34,6.8,6
1961,Innes Ireland,3,18,6.0,7
1961,Jack Brabham,2,12,6.0,7
1961,Dan Gurney,8,47,5.875,9
1961,Bruce McLaren,6,34,5.666666666666667,10
1961,Jim Clark,5,28,5.6,11
1961,John Surtees,3,16,5.333333333333333,12
1961,Jo Bonnier,4,19,4.75,13
1961,Graham Hill,3,14,4.666666666666667,14
1961,Tony Brooks,4,18,4.5,15
1961,Carel Godin de Beaufort,1,4,4.0,16
1961,Jackie Lewis,3,11,3.6666666666666665,17
1961,Roy Salvadori,4,14,3.5,18
1961,Lorenzo Bandini,1,3,3.0,19
1961,Cliff Allison,1,3,3.0,19
1961,Roger Penske,1,3,3.0,19
1961,Maurice Trintignant,2,6,3.0,19
1961,Peter Ryan,1,2,2.0,23
1961,Hans Herrmann,1,2,2.0,23
1961,Henry Taylor,1,1,1.0,25
1961,Hap Sharp,1,1,1.0,25
1961,Masten Gregory,1,1,1.0,25
1961,Tim Parnell,1,1,1.0,25
1960,Jim Rathmann,1,10,10.0,1
1960,Jack Brabham,6,57,9.5,2
1960,Stirling Moss,3,27,9.0,3
1960,John Surtees,1,9,9.0,3
1960,Rodger Ward,1,9,9.0,3
1960,Cliff Allison,1,9,9.0,3
1960,Bruce McLaren,7,60,8.571428571428571,7
1960,Maurice Trintignant,1,8,8.0,8
1960,Paul Goldsmith,1,8,8.0,8
1960,Willy Mairesse,1,8,8.0,8
1960,Carlos Menditeguy,1,7,7.0,11
1960,Giulio Cabianca,1,7,7.0,11
1960,Don Branson,1,7,7.0,11
1960,Jim Clark,3,20,6.666666666666667,14
1960,Tony Brooks,3,19,6.333333333333333,15
1960,Richie Ginther,3,19,6.333333333333333,15
1960,Phil Hill,6,37,6.166666666666667,17
1960,Graham Hill,2,12,6.0,18
1960,Innes Ireland,7,42,6.0,18
1960,Johnny Thomson,1,6,6.0,18
1960,Olivier Gendebien,4,23,5.75,21
1960,Jo Bonnier,3,16,5.333333333333333,22
1960,Lucien Bianchi,1,5,5.0,23
1960,Hans Herrmann,1,5,5.0,23
1960,Ron Flockhart,1,5,5.0,23
1960,Wolfgang von Trips,7,35,5.0,23
1960,Eddie Johnson,1,5,5.0,23
1960,Henry Taylor,3,14,4.666666666666667,28
1960,Lloyd Ruby,1,4,4.0,29
1960,Jim Hall,1,4,4.0,29
1960,Edgar Barth,1,4,4.0,29
1960,Bob Veith,1,3,3.0,32
1960,Bruce Halford,1,3,3.0,32
1960,Piero Drogo,1,3,3.0,32
1960,Roy Salvadori,1,3,3.0,32
1960,Carel Godin de Beaufort,1,3,3.0,32
1960,Masten Gregory,1,2,2.0,37
1960,Alberto Rodriguez Larreta,1,2,2.0,37
1960,Wolfgang Seidel,1,2,2.0,37
1960,Bud Tingelstad,1,2,2.0,37
1960,Fred Gamble,1,1,1.0,41
1960,Ian Burgess,1,1,1.0,41
1960,José Froilán González,1,1,1.0,41
1960,Dan Gurney,1,1,1.0,41
1960,Chuck Daigh,1,1,1.0,41
1960,Bob Christie,1,1,1.0,41
1959,Rodger Ward,1,10,10.0,1
1959,Stirling Moss,3,29,9.666666666666666,2
1959,Jim Rathmann,1,9,9.0,3
1959,Jack Brabham,6,52,8.666666666666666,4
1959,Johnny Thomson,1,8,8.0,5
1959,Dan Gurney,3,24,8.0,5
1959,Tony Brooks,5,39,7.8,7
1959,Phil Hill,5,38,7.6,8
1959,Bruce McLaren,4,30,7.5,9
1959,Masten Gregory,3,21,7.0,10
1959,Tony Bettenhausen,1,7,7.0,10
1959,Innes Ireland,2,13,6.5,12
1959,Jo Bonnier,3,19,6.333333333333333,13
1959,Paul Goldsmith,1,6,6.0,14
1959,Olivier Gendebien,2,12,6.0,14
1959,Maurice Trintignant,7,42,6.0,14
1959,Jean Behra,1,6,6.0,14
1959,Johnny Boyd,1,5,5.0,18
1959,Harry Schell,5,25,5.0,18
1959,Wolfgang von Trips,1,5,5.0,18
1959,Roy Salvadori,3,15,5.0,18
1959,Ian Burgess,1,5,5.0,18
1959,Ron Flockhart,2,9,4.5,23
1959,Harry Blanchard,1,4,4.0,24
1959,Cliff Allison,2,8,4.0,24
1959,Duane Carter,1,4,4.0,24
1959,Giorgio Scarlatti,1,3,3.0,27
1959,Alan Stacey,1,3,3.0,27
1959,Graham Hill,2,6,3.0,27
1959,Eddie Johnson,1,3,3.0,27
1959,Paul Russo,1,2,2.0,31
1959,Carroll Shelby,2,4,2.0,31
1959,Carel Godin de Beaufort,2,3,1.5,33
1959,Anthony Foyt,1,1,1.0,34
1959,Chris Bristow,1,1,1.0,34
1959,Fritz d'Orey,1,1,1.0,34
1959,Mário de Araújo Cabral,1,1,1.0,34
1958,Jimmy Bryan,1,10,10.0,1
1958,Stirling Moss,5,49,9.8,2
1958,George Amick,1,9,9.0,3
1958,Mike Hawthorn,8,69,8.625,4
1958,Tony Brooks,4,34,8.5,5
1958,Johnny Boyd,1,8,8.0,6
1958,Peter Collins,3,24,8.0,6
1958,Stuart Lewis-Evans,3,23,7.666666666666667,8
1958,Luigi Musso,3,22,7.333333333333333,9
1958,Juan Fangio,2,14,7.0,10
1958,Jean Behra,3,21,7.0,10
1958,Tony Bettenhausen,1,7,7.0,10
1958,Wolfgang von Trips,3,21,7.0,10
1958,Harry Schell,7,43,6.142857142857143,14
1958,Jim Rathmann,1,6,6.0,15
1958,Bruce McLaren,1,6,6.0,15
1958,Masten Gregory,2,12,6.0,15
1958,Roy Salvadori,7,39,5.571428571428571,18
1958,Phil Hill,4,22,5.5,19
1958,Edgar Barth,1,5,5.0,20
1958,Olivier Gendebien,1,5,5.0,20
1958,Maurice Trintignant,6,30,5.0,20
1958,Graham Hill,1,5,5.0,20
1958,Jimmy Reece,1,5,5.0,20
1958,Jack Brabham,5,24,4.8,25
1958,Carlos Menditeguy,1,4,4.0,26
1958,Don Freeland,1,4,4.0,26
1958,Ian Burgess,1,4,4.0,26
1958,Cliff Allison,6,23,3.8333333333333335,29
1958,Jo Bonnier,4,13,3.25,30
1958,Jud Larson,1,3,3.0,31
1958,Jack Fairman,1,3,3.0,31
1958,Tony Marsh,1,3,3.0,31
1958,Paco Godia,1,3,3.0,31
1958,Horace Gould,1,2,2.0,35
1958,Gerino Gerini,1,2,2.0,35
1958,Eddie Johnson,1,2,2.0,35
1958,Hans Herrmann,1,2,2.0,35
1958,Carroll Shelby,1,2,2.0,35
1958,Troy Ruttman,1,1,1.0,40
1958,Maria de Filippis,1,1,1.0,40
1958,Bill Cheesbourg,1,1,1.0,40
1957,Sam Hanks,1,10,10.0,1
1957,Juan Fangio,6,58,9.666666666666666,2
1957,Jim Rathmann,1,9,9.0,3
1957,Jimmy Bryan,1,8,8.0,4
1957,Carlos Menditeguy,1,8,8.0,4
1957,Peter Collins,2,16,8.0,4
1957,Stirling Moss,4,29,7.25,7
1957,Mike Hawthorn,4,29,7.25,7
1957,Luigi Musso,4,28,7.0,9
1957,Paul Russo,1,7,7.0,9
1957,Wolfgang von Trips,2,13,6.5,11
1957,Maurice Trintignant,2,13,6.5,11
1957,Jean Behra,3,19,6.333333333333333,13
1957,Harry Schell,4,25,6.25,14
1957,Tony Brooks,4,25,6.25,14
1957,Masten Gregory,4,25,6.25,14
1957,Roy Salvadori,1,6,6.0,17
1957,Andy Linden,1,6,6.0,17
1957,José Froilán González,1,6,6.0,17
1957,Alfonso de Portago,1,6,6.0,17
1957,Stuart Lewis-Evans,3,17,5.666666666666667,21
1957,Cesare Perdisa,1,5,5.0,22
1957,Johnny Boyd,1,5,5.0,22
1957,Bob Gerard,1,5,5.0,22
1957,Jack Brabham,2,9,4.5,25
1957,Jo Bonnier,1,4,4.0,26
1957,Mike MacDowel,1,4,4.0,26
1957,Giorgio Scarlatti,3,12,4.0,26
1957,Marshall Teague,1,4,4.0,26
1957,Ivor Bueb,1,3,3.0,30
1957,Pat O'Connor,1,3,3.0,30
1957,Alessandro de Tomaso,1,2,2.0,32
1957,Bob Veith,1,2,2.0,32
1957,Paco Godia,1,2,2.0,32
1957,Gene Hartley,1,1,1.0,35
1957,Horace Gould,1,1,1.0,35
1957,Luigi Piotti,1,1,1.0,35
1956,Luigi Musso,1,10,10.0,1
1956,Pat Flaherty,1,10,10.0,1
1956,Stirling Moss,3,29,9.666666666666666,3
1956,Peter Collins,4,38,9.5,4
1956,Alfonso de Portago,1,9,9.0,5
1956,Paul Frère,1,9,9.0,5
1956,Sam Hanks,1,9,9.0,5
1956,Don Freeland,1,8,8.0,8
1956,Ron Flockhart,1,8,8.0,8
1956,Jean Behra,6,45,7.5,10
1956,Juan Fangio,5,37,7.4,11
1956,Harry Schell,1,7,7.0,12
1956,Johnnie Parsons,1,7,7.0,12
1956,Chico Landi,1,7,7.0,12
1956,Jack Fairman,2,13,6.5,15
1956,Dick Rathmann,1,6,6.0,16
1956,Olivier Gendebien,1,6,6.0,16
1956,Cesare Perdisa,4,22,5.5,18
1956,Luigi Villoresi,2,11,5.5,18
1956,Paco Godia,4,21,5.25,20
1956,Bob Sweikert,1,5,5.0,21
1956,Alberto Uria,1,5,5.0,21
1956,Élie Bayol,1,5,5.0,21
1956,Luigi Piotti,1,5,5.0,21
1956,André Pilette,2,10,5.0,21
1956,Óscar González,1,5,5.0,21
1956,Eugenio Castellotti,2,10,5.0,21
1956,Louis Rosier,3,14,4.666666666666667,28
1956,Horace Gould,2,9,4.5,29
1956,Mike Hawthorn,2,9,4.5,29
1956,Hernando da Silva Ramos,2,9,4.5,29
1956,Toulo de Graffenried,1,4,4.0,32
1956,Gerino Gerini,2,8,4.0,32
1956,Bob Veith,1,4,4.0,32
1956,Rodger Ward,1,3,3.0,35
1956,Jimmy Reece,1,2,2.0,36
1956,Robert Manzon,2,4,2.0,36
1956,André Simon,1,2,2.0,36
1956,Cliff Griffith,1,1,1.0,39
1955,Bob Sweikert,1,10,10.0,1
1955,Juan Fangio,5,49,9.8,2
1955,Tony Bettenhausen,1,9,9.0,3
1955,Paul Russo,1,9,9.0,3
1955,José Froilán González,1,9,9.0,3
1955,Karl Kling,1,8,8.0,6
1955,Jimmy Davies,1,8,8.0,6
1955,Eugenio Castellotti,3,23,7.666666666666667,8
1955,Nino Farina,3,23,7.666666666666667,8
1955,Stirling Moss,4,30,7.5,10
1955,Hans Herrmann,1,7,7.0,11
1955,Johnny Thomson,1,7,7.0,11
1955,Jean Behra,3,20,6.666666666666667,13
1955,Umberto Maglioli,2,13,6.5,14
1955,Piero Taruffi,3,19,6.333333333333333,15
1955,Luigi Villoresi,1,6,6.0,16
1955,Carlos Menditeguy,1,6,6.0,16
1955,Maurice Trintignant,3,18,6.0,16
1955,Walt Faulkner,1,6,6.0,16
1955,Bill Homeier,1,6,6.0,16
1955,Roberto Mieres,4,23,5.75,21
1955,Luigi Musso,4,22,5.5,22
1955,Louis Chiron,1,5,5.0,23
1955,Paul Frère,2,10,5.0,23
1955,Harry Schell,1,5,5.0,23
1955,Andy Linden,1,5,5.0,23
1955,Al Herman,1,4,4.0,27
1955,Mike Sparken,1,4,4.0,27
1955,Mike Hawthorn,3,10,3.3333333333333335,29
1955,Pat O'Connor,1,3,3.0,30
1955,Hernando da Silva Ramos,1,3,3.0,30
1955,Lance Macklin,1,3,3.0,30
1955,Cesare Perdisa,1,3,3.0,30
1955,Jacques Pollet,2,5,2.5,34
1955,Jimmy Daywalt,1,2,2.0,35
1955,Louis Rosier,2,4,2.0,35
1955,Ken Wharton,1,2,2.0,35
1955,John Fitch,1,2,2.0,35
1955,Pat Flaherty,1,1,1.0,39
1954,Bill Vukovich,1,10,10.0,1
1954,Juan Fangio,8,75,9.375,2
1954,Jimmy Bryan,1,9,9.0,3
1954,Nino Farina,1,9,9.0,3
1954,Luigi Musso,1,9,9.0,3
1954,Mike Hawthorn,4,35,8.75,6
1954,José Froilán González,5,43,8.6,7
1954,Jack McGrath,1,8,8.0,8
1954,Onofre Marimón,1,8,8.0,8
1954,Hans Herrmann,2,15,7.5,10
1954,Maurice Trintignant,5,36,7.2,11
1954,Troy Ruttman,1,7,7.0,12
1954,Karl Kling,4,26,6.5,13
1954,Roberto Mieres,3,19,6.333333333333333,14
1954,Mike Nazaruk,1,6,6.0,15
1954,Élie Bayol,1,6,6.0,15
1954,Luigi Villoresi,1,6,6.0,15
1954,Piero Taruffi,1,5,5.0,18
1954,Fred Wacker,1,5,5.0,18
1954,Robert Manzon,2,10,5.0,18
1954,Fred Agabashian,1,5,5.0,18
1954,Paco Godia,1,5,5.0,18
1954,Umberto Maglioli,3,14,4.666666666666667,23
1954,Sergio Mantovani,4,18,4.5,24
1954,Prince Bira,4,18,4.5,24
1954,Stirling Moss,2,9,4.5,24
1954,Harry Schell,2,9,4.5,24
1954,Don Freeland,1,4,4.0,28
1954,André Pilette,2,8,4.0,28
1954,Peter Collins,1,4,4.0,28
1954,Ken Wharton,3,11,3.6666666666666665,31
1954,Louis Rosier,3,10,3.3333333333333335,32
1954,Jean Behra,2,6,3.0,33
1954,Jacques Swaters,1,3,3.0,33
1954,Toulo de Graffenried,1,3,3.0,33
1954,Paul Russo,1,3,3.0,33
1954,Larry Crockett,1,2,2.0,37
1954,Cal Niday,1,1,1.0,38
1954,Bob Gerard,1,1,1.0,38
1953,Bill Vukovich,1,10,10.0,1
1953,Art Cross,1,9,9.0,2
1953,Juan Fangio,5,44,8.8,3
1953,Alberto Ascari,7,60,8.571428571428571,4
1953,Nino Farina,6,51,8.5,5
1953,Sam Hanks,1,8,8.0,6
1953,José Froilán González,3,23,7.666666666666667,7
1953,Mike Hawthorn,8,58,7.25,8
1953,Luigi Villoresi,5,36,7.2,9
1953,Fred Agabashian,1,7,7.0,10
1953,Felice Bonetto,3,20,6.666666666666667,11
1953,Oscar Gálvez,1,6,6.0,12
1953,Jack McGrath,1,6,6.0,12
1953,Hermann Lang,1,6,6.0,12
1953,Toulo de Graffenried,4,23,5.75,15
1953,Maurice Trintignant,4,21,5.25,16
1953,Roberto Mieres,1,5,5.0,17
1953,Onofre Marimón,2,10,5.0,17
1953,Jimmy Daywalt,1,5,5.0,17
1953,Luigi Musso,1,4,4.0,20
1953,Prince Bira,1,4,4.0,20
1953,Jacques Swaters,1,4,4.0,20
1953,Sergio Mantovani,1,4,4.0,20
1953,Jim Rathmann,1,4,4.0,20
1953,Eddie Johnson,1,4,4.0,20
1953,Stirling Moss,2,7,3.5,26
1953,Ken Wharton,2,7,3.5,26
1953,Harry Schell,3,10,3.3333333333333335,28
1953,Max de Terra,1,3,3.0,29
1953,Ernie McCoy,1,3,3.0,29
1953,Jean Behra,2,6,3.0,29
1953,Peter Collins,1,3,3.0,29
1953,John Barber,1,3,3.0,29
1953,Umberto Maglioli,1,3,3.0,29
1953,Louis Rosier,5,12,2.4,35
1953,Peter Whitehead,1,2,2.0,36
1953,Albert Scherrer,1,2,2.0,36
1953,Hans Herrmann,1,2,2.0,36
1953,Tony Bettenhausen,1,2,2.0,36
1953,Fred Wacker,1,2,2.0,36
1953,Alan Brown,1,2,2.0,36
1953,Jimmy Davies,1,1,1.0,42
1953,Paul Frère,1,1,1.0,42
1953,Louis Chiron,1,1,1.0,42
1952,Troy Ruttman,1,10,10.0,1
1952,Alberto Ascari,6,60,10.0,1
1952,Jim Rathmann,1,9,9.0,3
1952,José Froilán González,1,9,9.0,3
1952,Rudi Fischer,2,17,8.5,5
1952,Sam Hanks,1,8,8.0,6
1952,Nino Farina,6,48,8.0,6
1952,Luigi Villoresi,2,16,8.0,6
1952,Piero Taruffi,5,38,7.6,9
1952,Mike Hawthorn,3,22,7.333333333333333,10
1952,Duane Carter,1,7,7.0,11
1952,Dennis Poore,1,7,7.0,11
1952,Robert Manzon,3,21,7.0,11
1952,Eric Thompson,1,6,6.0,14
1952,Paul Frère,1,6,6.0,14
1952,Art Cross,1,6,6.0,14
1952,Felice Bonetto,1,6,6.0,14
1952,Jean Behra,3,18,6.0,14
1952,Alan Brown,2,11,5.5,19
1952,Maurice Trintignant,2,11,5.5,19
1952,André Simon,1,5,5.0,21
1952,Toulo de Graffenried,1,5,5.0,21
1952,Peter Collins,1,5,5.0,21
1952,Jimmy Bryan,1,5,5.0,21
1952,Roger Laurent,1,5,5.0,21
1952,Ken Wharton,2,9,4.5,26
1952,Fritz Riess,1,4,4.0,27
1952,Duncan Hamilton,1,4,4.0,27
1952,Charles de Tornaco,1,4,4.0,27
1952,Peter Hirt,1,4,4.0,27
1952,Jimmy Reece,1,4,4.0,27
1952,Reg Parnell,1,4,4.0,27
1952,Toni Ulmen,1,3,3.0,33
1952,Philippe Étancelin,1,3,3.0,33
1952,George Connor,1,3,3.0,33
1952,Roy Salvadori,1,3,3.0,33
1952,Lance Macklin,2,5,2.5,37
1952,Eric Brandon,2,5,2.5,37
1952,Chico Landi,2,5,2.5,37
1952,Cliff Griffith,1,2,2.0,40
1952,Johnny Claes,2,4,2.0,40
1952,Helmut Niedermayr,1,2,2.0,40
1952,Ken Downing,1,2,2.0,40
1952,Peter Whitehead,1,1,1.0,44
1952,Johnnie Parsons,1,1,1.0,44
1952,Louis Rosier,1,1,1.0,44
1952,Yves Cabantous,1,1,1.0,44
1952,Prince Bira,1,1,1.0,44
1951,Luigi Fagioli,1,10,10.0,1
1951,Lee Wallard,1,10,10.0,1
1951,José Froilán González,5,45,9.0,3
1951,Mike Nazaruk,1,9,9.0,3
1951,Alberto Ascari,6,50,8.333333333333334,5
1951,Manny Ayulo,1,8,8.0,6
1951,Jack McGrath,1,8,8.0,6
1951,Nino Farina,4,32,8.0,6
1951,Juan Fangio,5,40,8.0,6
1951,Luigi Villoresi,5,38,7.6,10
1951,Andy Linden,1,7,7.0,11
1951,Felice Bonetto,3,21,7.0,11
1951,Piero Taruffi,3,21,7.0,11
1951,Reg Parnell,2,13,6.5,14
1951,Bobby Ball,1,6,6.0,15
1951,Toulo de Graffenried,2,11,5.5,16
1951,André Pilette,1,5,5.0,17
1951,André Simon,1,5,5.0,17
1951,Rudi Fischer,1,5,5.0,17
1951,Henry Banks,1,5,5.0,17
1951,Louis Chiron,2,9,4.5,21
1951,Yves Cabantous,3,13,4.333333333333333,22
1951,Consalvo Sanesi,3,13,4.333333333333333,22
1951,Carl Forberg,1,4,4.0,24
1951,Johnny Claes,1,4,4.0,24
1951,Peter Walker,1,4,4.0,24
1951,Louis Rosier,6,21,3.5,27
1951,Eugène Chaboud,1,3,3.0,28
1951,Duane Carter,1,3,3.0,28
1951,Robert Manzon,2,6,3.0,28
1951,Stirling Moss,1,3,3.0,28
1951,Brian Shawe Taylor,1,3,3.0,28
1951,Pierre Levegh,2,5,2.5,33
1951,Peter Whitehead,1,2,2.0,34
1951,Philippe Étancelin,2,4,2.0,34
1951,Guy Mairesse,1,2,2.0,34
1951,Franco Rol,1,2,2.0,34
1951,Paco Godia,1,1,1.0,38
1951,Jacques Swaters,1,1,1.0,38
1950,Juan Fangio,3,30,10.0,1
1950,Johnnie Parsons,1,10,10.0,1
1950,Dorino Serafini,1,9,9.0,3
1950,Bill Holland,1,9,9.0,3
1950,Luigi Fagioli,5,44,8.8,5
1950,Nino Farina,5,41,8.2,6
1950,Reg Parnell,1,8,8.0,7
1950,Mauri Rose,1,8,8.0,7
1950,Alberto Ascari,2,15,7.5,9
1950,Louis Rosier,4,29,7.25,10
1950,Raymond Sommer,1,7,7.0,11
1950,Robert Manzon,1,7,7.0,11
1950,Cecil Green,1,7,7.0,11
1950,Prince Bira,2,13,6.5,14
1950,Felice Bonetto,1,6,6.0,15
1950,Peter Whitehead,2,12,6.0,15
1950,Joie Chitwood,1,6,6.0,15
1950,Eugène Chaboud,1,6,6.0,15
1950,Bob Gerard,2,10,5.0,19
1950,Yves Cabantous,2,10,5.0,19
1950,Luigi Villoresi,1,5,5.0,19
1950,Toulo de Graffenried,2,10,5.0,19
1950,Philippe Étancelin,3,15,5.0,19
1950,Charles Pozzi,1,5,5.0,19
1950,Louis Chiron,2,10,5.0,19
1950,Lee Wallard,1,5,5.0,19
1950,Nello Pagani,1,4,4.0,27
1950,Pierre Levegh,1,4,4.0,27
1950,Cuth Harrison,1,4,4.0,27
1950,Walt Faulkner,1,4,4.0,27
1950,Harry Schell,1,3,3.0,31
1950,George Connor,1,3,3.0,31
1950,Johnny Claes,3,8,2.6666666666666665,33
1950,David Hampshire,1,2,2.0,34
1950,Geoff Crossley,1,2,2.0,34
1950,Paul Russo,1,2,2.0,34
1950,Toni Branca,1,1,1.0,37
1950,Joe Fry,1,1,1.0,37
1950,Pat Flaherty,1,1,1.0,37
1950,Brian Shawe Taylor,1,1,1.0,37
